fact_id,ontvanger,jaar,bedrag,descriptor,gemeente
GEM-001,Stichting WIJ Groningen,2023,46370553,Aanstormend talent,Groningen
GEM-002,Stichting HVO-Querido,2023,38026457,"Subsidie aanvraag woonbegeleiding ongedocumenteerden 2023
",Amsterdam
GEM-003,Stichting WIJ Groningen,2022,36121347,Aardbevingen Sociale ondersteuning,Groningen
GEM-004,Stichting WIJKZ,2023,34082538,"Participatie
",Den Haag
GEM-005,Stichting WIJKZ,2024,33869590,"610.T Leefbaarheid en bewonersparticipatie
",Den Haag
GEM-006,Stichting Openbare Bibliotheek Amsterdam,2024,32255722,"Jaarplan en -begroting OBA 2024 Stichting
",Amsterdam
GEM-007,Stichting Lokalis,2023,31974880,,Utrecht
GEM-008,Stichting Lokalis,2024,31210476,,Utrecht
GEM-009,Stichting Openbare Bibliotheek Amsterdam,2023,28508492,"Cultuurplus 2023
",Amsterdam
GEM-010,ContourdeTwern Stichting,2024,27928983,,Tilburg
GEM-011,Stichting Openbare Bibliotheek Amsterdam,2022,25746978,"Leef en Leer 2022
",Amsterdam
GEM-012,Stichting SEZO,2024,25576855,"Aanvraag 2024 Sociale Basis Nieuw-West: 'Koersvast: iedereen in zijn kracht!'
",Amsterdam
GEM-013,Stichting Leger des Heils Welzijns- en Gezondheidszorg,2023,25344104,"begeleiding slachtoffers mensenhandel 2023
",Amsterdam
GEM-014,Stichting Buurtteamorganisatie Sociaal Utrecht,2023,24464133,,Utrecht
GEM-015,Stichting HVO-Querido,2024,24211820,"woonbegeleiding 2024
",Amsterdam
GEM-016,ContourdeTwern Stichting,2023,24157533,,Tilburg
GEM-017,Sportbedrijf Arnhem BV,2022,23189628,,Arnhem
GEM-018,Sportbedrijf Arnhem BV,2024,23184810,,Arnhem
GEM-019,Stichting Buurtteamorganisatie Sociaal Utrecht,2024,23168743,,Utrecht
GEM-020,Stichting SEZO,2023,22590756,"Aanvraag 2023 Buurtteams BT Nieuw-West
",Amsterdam
GEM-021,Stichting Dynamo Welzijn,2022,21047155,"aanvraag A.J. Ernststraat 199
",Amsterdam
GEM-022,ContourdeTwern Stichting,2022,20895826,,Tilburg
GEM-023,Stichting Sociale Wijkteams Amersfoort,2024,20895715,uitvoering taken,Amersfoort
GEM-024,Stichting Combiwel Buurtteams,2024,20479257,"Aanvraag Buurtteam Amsterdam West 2024 
",Amsterdam
GEM-025,Schoor Stichting De,2022,20016210,Aanvullende aanvraag Dagarrangement,Almere
GEM-026,Sportbedrijf Arnhem BV,2023,19642255,,Arnhem
GEM-027,B&A WMO Diensten B.V.,2023,19187874,"Attentie Flevoflats (oost)
",Amsterdam
GEM-028,Stichting HVO-Querido,2022,19118699,"Woonbegeleiding Ongedocumenteerden 2022
",Amsterdam
GEM-029,Stichting SEZO,2022,18999868,"Buurtteams Nieuw-West 2022
",Amsterdam
GEM-030,Schoor Stichting De,2023,18899972,Deelname aan het Sociaal Stedelijk Team,Almere
GEM-031,B&A Buurtteam Amsterdam Zuidoost B.V.,2024,18716096,"Aanvraag subsidie ondersteuning mantelzorg en vrijwillige inzet 
",Amsterdam
GEM-032,Stichting de Bibliotheek Utrecht,2023,18372548,,Utrecht
GEM-033,Stichting Sociale Wijkteams Amersfoort,2023,18334207,uitvoering taken,Amersfoort
GEM-034,Stichting Samen Veilig Midden-Nederland,2023,18003924,,Utrecht
GEM-035,Stichting Sociale Wijkteams Amersfoort,2022,17763329,uitvoering taken,Amersfoort
GEM-036,Stichting de Bibliotheek Utrecht,2024,17577659,,Utrecht
GEM-037,GGD Flevoland,2023,17069063,Kansrijke Start,Almere
GEM-038,Stichting DOCK,2024,16178203,"Aanschaf Kinderfietsen Zuiderspeeltuin Amsterdam West - Westerpark
",Amsterdam
GEM-039,Stichting De Regenboog Groep,2024,16154158,"aanvullende kosten spaarndammerdijkfestival 21 september
",Amsterdam
GEM-040,B&A WMO Diensten B.V.,2022,15790835,"Aanvraag verlenging Living Lab Waterlandpleinbuurt 2022
",Amsterdam
GEM-041,Stichting Buurtteam Amsterdam Noord,2024,15739560,"Actualisatie 2024 Buurtteam Amsterdam Noord
",Amsterdam
GEM-042,Stichting Leger des Heils Welzijns- en Gezondheidszorg,2022,15631142,"begeleiding slachtoffers mensenhandel
",Amsterdam
GEM-043,GGD Flevoland,2022,15580002,Bestuurlijke opgave Gezond In Almere,Almere
GEM-044,Stichting Combiwel Buurtteams,2023,15547070,"Aanvraag Collectieve MaDi 2023 voor stadsdeel West
",Amsterdam
GEM-045,Stichting Stedelijk Museum Amsterdam,2024,15297055,"Activiteiten Stedelijk Museum 2024
",Amsterdam
GEM-046,Kwintes Stichting,2022,15203150,Beschermd Wonen,Almere
GEM-047,Stichting DOCK,2022,15111632,"Buurtbaan Oud-West
",Amsterdam
GEM-048,Stichting Jongleren,2024,14838932,"430.I Onderwijsbeleid
",Den Haag
GEM-049,Stichting Combiwel Buurtwerk,2024,14682600,"Aanvraag subsidie 2e schuifdeur tbv De Koperen Knoop
",Amsterdam
GEM-050,Stichting Stedelijk Museum Amsterdam,2023,14540927,"Activiteiten Stedelijk Museum 2023
",Amsterdam
GEM-051,Stichting DOCK,2023,14328632,"Beheer Zuideinde 369 te Amsterdam
",Amsterdam
GEM-052,Stichting Buurtteam Amsterdam Oost,2024,13713372,"Buurtteams Oost 2024
",Amsterdam
GEM-053,Stichting Nationale Opera & Ballet,2024,13669046,"Activiteiten Nationale Opera & Ballet 2024
",Amsterdam
GEM-054,Stichting Stedelijk Museum Amsterdam,2022,13550475,"Stedelijk Museum Amsterdam 2022
",Amsterdam
GEM-055,Stichting Aanpak Overlast Amsterdam,2024,13521363,"Aanvraag extra inzet t.b.v.  kwetsbare meiden stadsdeel West
",Amsterdam
GEM-056,Stichting Combiwel Buurtteams,2022,13496197,"Buurtteam Amsterdam West 2022
",Amsterdam
GEM-057,Stichting Buurtteam Amsterdam Noord,2023,13464082,"Actualisatie Buurtteam Amsterdam Noord 2023
",Amsterdam
GEM-058,Stichting Nationale Opera & Ballet,2023,13218159,"Activiteiten Nationale Opera & Ballet 2023
",Amsterdam
GEM-059,Stichting Kunstmuseum Den Haag,2024,13165806,"540.A Musea
",Den Haag
GEM-060,Stichting Nieuwe Veste,2024,13113851,,Breda
GEM-061,Stichting Buurtteam Amsterdam Zuid,2024,13052361,"Actualisatie 2024 Buurtteam Amsterdam Zuid
",Amsterdam
GEM-062,Stichting Dynamo Welzijn,2024,12969808,"Bewonersintiatief Buurtdiner door kinderwijkraad Oud Oost
",Amsterdam
GEM-063,Stichting Doras,2022,12888610,"Diverse activiteiten (onder de vlag) van de Vrouwenbazaar
",Amsterdam
GEM-064,Stichting Nieuwe Veste,2023,12589356,,Breda
GEM-065,Stichting Combiwel Buurtwerk,2022,12398934,"Aangepaste aanvraag Dufayhuis 2022
",Amsterdam
GEM-066,Stichting Ondernemersfonds Utrecht,2024,12392681,,Utrecht
GEM-067,Blijf Groep Stichting,2022,12380705,Veilig Thuis Flevoland,Almere
GEM-068,Stichting Buurtteam Amsterdam Oost,2023,12307041,"Buurtteams Oost 2023
",Amsterdam
GEM-069,Stichting Combiwel Buurtwerk,2023,12296137,"Aanvullende aanvraag extra inzet Digicoaches
",Amsterdam
GEM-070,Stichting WIJKZ,2022,12268684,"Leefbaarheid en bewonersparticipatie
",Den Haag
GEM-071,Stichting perMens,2024,12264026,"Aanvraag extra inzet Veldwerk Amsterdam voor de Nachtopvang voor Volwassenen  periode 1 oktober 2024 - 31 maart 2025 
",Amsterdam
GEM-072,Stichting Nationale Opera & Ballet,2022,12108351,"Activiteiten Nationale Opera & Ballet 2022
",Amsterdam
GEM-073,Stichting De Regenboog Groep,2023,12058279,"Extra winteropvang en extra inzet Maatschappelijk Werk
",Amsterdam
GEM-074,Stichting ROC Mondriaan,2024,12027851,"430.I Onderwijsbeleid
",Den Haag
GEM-075,Wender,2023,11988573,Maatschappelijke Opvang jeugd,Groningen
GEM-076,Stichting Kind & Co Ludens,2023,11982272,,Utrecht
GEM-077,Stichting Kunstmuseum Den Haag,2023,11903290,"Musea
",Den Haag
GEM-078,Stichting Nieuwe Veste,2022,11839387,,Breda
GEM-079,Stichting ROC Mondriaan,2023,11802674,"Onderwijsachterstandenbeleid en taal
",Den Haag
GEM-080,Stichting Veilig Thuis West-Brabant,2024,11800787,,Breda
GEM-081,Stichting Veilig Thuis West-Brabant,2023,11728516,,Breda
GEM-082,Stichting Buurtteam Amsterdam Zuid,2023,11502601,"Actualisatie Buurtteam Amsterdam Zuid 2023
",Amsterdam
GEM-083,Stichting Het Nationale Theater,2024,11379296,"530.B Cultuur
",Den Haag
GEM-084,Stichting Kunstmuseum Den Haag,2022,11313833,"Musea
",Den Haag
GEM-085,St. Rozet,2023,11310170,,Arnhem
GEM-086,ROC Mondriaan,2022,11247719,"Stedelijk onderwijsbeleid en projecten
",Den Haag
GEM-087,St. Rozet,2024,11168268,,Arnhem
GEM-088,Coöperatieve Vereniging BreedSaam,2022,11163716,,Breda
GEM-089,SMO Traverse,2024,11104639,,Tilburg
GEM-090,Stichting Ondernemersfonds Utrecht,2023,11064889,,Utrecht
GEM-091,Openbare Bibliotheek Almere Stichting,2023,10927644,Almeers Dictee,Almere
GEM-092,Stichting DOCK,2024,10893912,,Utrecht
GEM-093,Groninger Forum,2023,10778686,Accommodatienota huur of hypotheeklasten cat IA,Groningen
GEM-094,Stichting Internationaal Theater Amsterdam,2024,10712668,"Activiteiten Internationaal Theater Amsterdam 2024
",Amsterdam
GEM-095,Stichting Leergeld Den Haag,2022,10627612,"Gemeentelijk minimabeleid
",Den Haag
GEM-096,Stichting Aanpak Overlast Amsterdam,2023,10591688,"Aanvraag subsidie schoolveiligheid 
",Amsterdam
GEM-097,Stichting Het Nationale Theater,2023,10452969,"Cultuur
",Den Haag
GEM-098,Stichting Lucas Onderwijs,2023,10376522,"Onderwijsachterstandenbeleid en taal
",Den Haag
GEM-099,Stichting Dynamo Welzijn,2023,10317245,"A.J. Ernststraat 195
",Amsterdam
GEM-100,Stichting Arkin,2024,10244032,"Opvang en ondersteuning kwetsbare personen
",Amsterdam
GEM-101,Stichting Internationaal Theater Amsterdam,2023,10145492,"Activiteiten ITA 2023
",Amsterdam
GEM-102,"""De Haagse Scholen"", stichting voor primair en speciaal openbaar onderwijs",2023,10111687,"Onderwijsachterstandenbeleid en taal
",Den Haag
GEM-103,Stichting Amsterdam Museum,2024,10075691,"Activiteiten Amsterdam Museum 2024
",Amsterdam
GEM-104,Stichting Samenwerking voor Bijzondere Noden Amsterdam,2023,10016865,"giftenbudget Maatwerkbudget Gedupeerden
",Amsterdam
GEM-105,Stichting PuurZuid,2022,9894943,"Buurtteam Zuid 2022
",Amsterdam
GEM-106,Stichting Het Nationale Theater,2022,9874134,"Cultuur
",Den Haag
GEM-107,Groninger Forum,2022,9763692,Accommodatienota huur of hypotheeklasten cat IA,Groningen
GEM-108,Stichting DOCK,2023,9717759,,Utrecht
GEM-109,Openbare Bibliotheek Almere Stichting,2022,9653458,Almeers Dictee,Almere
GEM-110,St. Rozet,2022,9627037,,Arnhem
GEM-111,Stichting Veilig Thuis West-Brabant,2022,9588056,,Breda
GEM-112,SMO Traverse,2023,9578582,,Tilburg
GEM-113,Stichting Amsterdam Museum,2023,9526272,"Activiteiten Amsterdam Museum 2023
",Amsterdam
GEM-114,Stichting De Regenboog Groep,2022,9519073,"Aanvraag De Regenboog Groep Sociale Basis 2022
",Amsterdam
GEM-115,"""De Haagse Scholen"", stichting voor primair en speciaal openbaar onderwijs",2024,9512070,"430.I Onderwijsbeleid
",Den Haag
GEM-116,St. Rijnstad,2022,9509024,,Arnhem
GEM-117,"Lucas Onderwijs, Stg.",2022,9508974,"Onderwijsachterstandenbeleid en taal
",Den Haag
GEM-118,Kwintes,2024,9491229,doorstroomwoningen,Amersfoort
GEM-119,De Bibliotheek Midden-Brabant,2024,9460111,,Tilburg
GEM-120,Stichting tot Instandhouding van de Diergaarde van het Koninklijk Zo√∂logisch Genootschap Natura Artis Magistra,2024,9436370,"Incidentele Subsidie ARTIS
",Amsterdam
GEM-121,VOOR Welzijn,2022,9378161,"Leefbaarheid en bewonersparticipatie
",Den Haag
GEM-122,Stichting Internationaal Theater Amsterdam,2022,9376399,"International Theater Amsterdam (ITA) activiteiten 2022
",Amsterdam
GEM-123,"De Haagse Scholen, stichting voor primair en speciaal openbaar onderwijs",2022,9376352,"Onderwijsachterstandenbeleid en taal
",Den Haag
GEM-124,Stichting Jongerenwerk Utrecht,2024,9308622,,Utrecht
GEM-125,Stichting Maatwerkbudgetten Toeslagen Amsterdam,2024,9250000,"Subsidie aanvraag SMTA juli-december 2024
",Amsterdam
GEM-126,Stichting perMens,2023,9208383,"Aanvraag incidentele subsidie inzet sloterdijken
",Amsterdam
GEM-127,St. Rijnstad,2023,9189845,,Arnhem
GEM-128,Leger des Heils Welzijn Stichting,2023,9148933,(buurt)ontmoetingsplekken en-activiteiten,Almere
GEM-129,Kunstlinie Almere Flevoland,2023,9108095,Kunstlinie Almere Flevoland 2023,Almere
GEM-130,St. Rijnstad,2024,9089760,,Arnhem
GEM-131,SMO Traverse,2022,9034352,,Tilburg
GEM-132,Stichting Lucas Onderwijs,2024,8926042,"430.I Onderwijsbeleid
",Den Haag
GEM-133,Stichting Amsterdam Museum,2022,8877393,"Amsterdam Museum 2022
",Amsterdam
GEM-134,Stichting Samen Veilig Midden-Nederland,2024,8859430,,Utrecht
GEM-135,Stichting Sterk Huis,2023,8783753,,Tilburg
GEM-136,Stichting Arkin,2023,8714976,"Maatschapelijke opvang kwetsbare burgers
",Amsterdam
GEM-137,Stichting Het Kopland,2022,8543339,Maatschappelijke Opvang jeugd,Groningen
GEM-138,Stichting Zebra,2022,8470779,"Leefbaarheid en bewonersparticipatie
",Den Haag
GEM-139,Leger des Heils Welzijns Stichting,2022,8328528,Beschermd wonen,Almere
GEM-140,De Bibliotheek Midden-Brabant,2023,8299435,,Tilburg
GEM-141,Kunstlinie Almere Flevoland,2022,8269818,Huurcomponent 2022,Almere
GEM-142,Stichting Woon,2024,8255360,"Buurtbudgetten ondersteuning buurten ZO juli t/m december 2024
",Amsterdam
GEM-143,Stichting Amare,2024,8231774,"530.B Cultuur
",Den Haag
GEM-144,Stichting Centram,2024,8185635,"Buurtteams Amsterdam 2024
",Amsterdam
GEM-145,Stichting Leger des Heils Welzijns- en Gezondheidszorg,2022,8172205,"Maatschappelijke opvang
",Den Haag
GEM-146,Stichting Arkin,2022,8124221,"Maatschappelijke Opvang Kwetsbare Burgers 2022
",Amsterdam
GEM-147,Stichting Jeugdbescherming Noord/Drenthe,2023,8114000,Steunpunt Huiselijk Geweld,Groningen
GEM-148,St. Musis en Stadstheater,2023,7913505,,Arnhem
GEM-149,Stichting Leergeld Den Haag,2024,7844744,"630.C Gemeentelijk minimabeleid
",Den Haag
GEM-150,Stichting Leger des Heils Welzijns- en Gezondheidszorg,2023,7828639,"Maatschappelijke- en vrouwenopvang (WMO)
",Den Haag
GEM-151,Stichting amsterdam&partners,2023,7803624,"ABHZ 2023
",Amsterdam
GEM-152,Stichting Regionaal Opleidingencentrum van Amsterdam-Flevoland,2024,7790006,"Aanvullende begeleiding niveau 3 en 4 ROC TOP
",Amsterdam
GEM-153,Stichting Woon,2023,7789569,"Energiecoach Amsterdam 2023
",Amsterdam
GEM-154,Stichting Jongerenwerk Utrecht,2023,7777236,,Utrecht
GEM-155,GGD Hart voor Brabant Tilburg,2024,7685236,,Tilburg
GEM-156,Stichting Leergeld Den Haag,2023,7655506,"630.C Gemeentelijk minimabeleid
",Den Haag
GEM-157,Stichting Centram,2023,7653588,"Buurtteam Amsterdam Centrum
",Amsterdam
GEM-158,Leger des Heils Gelderland,2024,7648872,,Arnhem
GEM-159,Kwintes,2022,7618578,doorstroomwoning,Amersfoort
GEM-160,Stichting Koninklijk Concertgebouworkest,2024,7584493,"Activiteiten Concertgebouworkest 2024
",Amsterdam
GEM-161,Stichting Jeugdbescherming Noord/Drenthe,2022,7508000,Steunpunt Huiselijk Geweld,Groningen
GEM-162,De Bibliotheek Midden-Brabant,2022,7485900,,Tilburg
GEM-163,Kwintes,2023,7409580,doorstroomwoningen,Amersfoort
GEM-164,"ASKO, Amsterdamse Stichting voor Katholiek, Protestants-christelijk en Interconfessioneel onderwijs",2024,7313099,"Begeleiding zij-instromers
",Amsterdam
GEM-165,Parnassia B.V.,2024,7266474,"681.J Beschermd wonen (WMO) en GGZ
",Den Haag
GEM-166,Stichting U Centraal,2024,7238185,,Utrecht
GEM-167,St. Musis en Stadstheater,2022,7223993,,Arnhem
GEM-168,Stichting JESS,2022,7204952,"Preventief Jeugdbeleid
",Den Haag
GEM-169,Stichting Koninklijk Concertgebouworkest,2023,7200088,"Activiteiten Concertgebouworkest 2023
",Amsterdam
GEM-170,Stichting JESS,2023,7198796,"Samenkracht en burgerparticipatie
",Den Haag
GEM-171,Stichting VluchtelingenWerk Nederland,2024,7135852,"Amsterdam LVV 2024
",Amsterdam
GEM-172,Stichting Sterk Huis,2024,7084752,,Tilburg
GEM-173,Stichting Regionaal Opleidingencentrum van Amsterdam-Flevoland,2022,7063835,"Doorontwikkeling bpv 1 op 40
",Amsterdam
GEM-174,Stichting Aanpak Overlast Amsterdam,2022,7049030,"Inzet horecahost Rembrandtplein e.o. en in het Wallengebied, crowdmanagement
",Amsterdam
GEM-175,Stichting Stadsschouwburg en Philharmonie,2023,7035437,2022 Haarlem - 2024 Culturele Basisinfrastructuur,Haarlem
GEM-176,Parnassia B.V.,2023,6969261,"Beschermd wonen (WMO) en GGZ
",Den Haag
GEM-177,Stichting perMens,2022,6843040,"Buurtkamer Kostelijk
",Amsterdam
GEM-178,"ASKO, Amsterdamse Stichting voor Katholiek, Protestants-christelijk en Interconfessioneel onderwijs",2022,6816596,"Sociale Basis 2022
",Amsterdam
GEM-179,Stichting Woon,2022,6813484,"Aardgasvrij & PEW 2022
",Amsterdam
GEM-180,Stichting Leger des Heils Welzijns- en Gezondheidszorg,2024,6802204,"681.K Maatschappelijke- en vrouwenopvang (WMO)
",Den Haag
GEM-181,Stichting Amare,2023,6800444,"Cultuur
",Den Haag
GEM-182,Stichting Stadsschouwburg en Philharmonie Haarlem,2022,6779651,2022 - 2024 Culturele Basisinfrastructuur,Haarlem
GEM-183,"""Kessler Stichting""",2023,6779472,"Maatschappelijke- en vrouwenopvang (WMO)
",Den Haag
GEM-184,Stichting Centram,2022,6759767,"Buurtteams 2021-2016, jaargang 2022
",Amsterdam
GEM-185,Stichting U Centraal,2023,6716102,,Utrecht
GEM-186,Stichting Koninklijk Concertgebouworkest,2022,6709657,"Activiteiten Concertgebouworkest 2022
",Amsterdam
GEM-187,"ASKO, Amsterdamse Stichting voor Katholiek, Protestants-christelijk en Interconfessioneel onderwijs",2023,6701237,"Amsterdamse Familieschool / ASKO
",Amsterdam
GEM-188,Stichting Amsterdamse Oecumenische Scholengroep,2023,6692257,"Brede Talent Ontwikkeling
",Amsterdam
GEM-189,Stichting Amare,2022,6690203,"Cultuur
",Den Haag
GEM-190,Stichting Maatschappelijke Opvang Breda e.o.,2024,6627888,,Breda
GEM-191,Stichting Amsterdam Institute for Advanced Metropolitan Solutions (AMS),2022,6563101,"Amsterdam Institute for Advanced Metropolitan Solutions jaar 2022
",Amsterdam
GEM-192,St. Musis en Stadstheater,2024,6537537,,Arnhem
GEM-193,Stichting MEE Amstel en Zaan,2024,6528139,"Activerende Leefstijlinterventie 2024 MEE Amstel en Zaan en Health Tour
",Amsterdam
GEM-194,Stichting Zonova,2023,6501015,"Aanvragen Amsterdamse Familieschool Zonova
",Amsterdam
GEM-195,"""Kessler Stichting""",2024,6482500,"681.K Maatschappelijke- en vrouwenopvang (WMO)
",Den Haag
GEM-196,Stichting Instituut voor Maatschappelijk Welzijn Breda e.o.,2024,6326679,,Breda
GEM-197,Stichting Amsterdam Institute for Advanced Metropolitan Solutions (AMS),2023,6295000,"AMS activiteiten jaargang 2023
",Amsterdam
GEM-198,Parnassia Groep B.V,2022,6240623,"Beschermd wonen en GGZ (ZIN)
",Den Haag
GEM-199,CJG Kennemerland BV,2022,6177188,2022 CJG Haarlem,Haarlem
GEM-200,Pactum,2023,6111139,,Arnhem
GEM-201,Stichting MEE Zuid-Holland Noord,2023,6047420,"Samenkracht en burgerparticipatie
",Den Haag
GEM-202,Kinderopvang SKAR BV,2024,6046658,,Arnhem
GEM-203,Stichting Jeugdfonds Sport & Cultuur Amsterdam,2024,6046000,"Vergoeding culturele activiteiten voor Amsterdamse minimakinderen
",Amsterdam
GEM-204,Stichting VluchtelingenWerk Nederland,2022,6035537,"Uitvoering Regie&organisatie, Juridische begeleiding en Terugkeerbegeleiding en toekomstori√ôntatie
",Amsterdam
GEM-205,Stichting Bibliotheek Zuid Kennemerland,2023,6031367,2022 - 2024 Culturele Basisinfrastructuur,Haarlem
GEM-206,Stichting Amsterdamse Oecumenische Scholengroep,2024,6016918,"Brede Talentontwikkeling 2024
",Amsterdam
GEM-207,Chasse Theater N.V.,2024,5988303,,Breda
GEM-208,Leger des Heils Gelderland,2023,5976680,,Arnhem
GEM-209,RIBW Midden Brabant Stichting,2024,5975818,,Tilburg
GEM-210,Stichting Sterk Huis,2022,5923687,,Tilburg
GEM-211,Chasse Theater N.V.,2023,5914467,,Breda
GEM-212,Stichting Museon|Omniversum,2024,5908361,"540.A Musea
",Den Haag
GEM-213,Stichting Theaters Tilburg,2024,5892853,,Tilburg
GEM-214,Stichting amsterdam&partners,2024,5883857,"Aanvraag ‚Äò1+1 gratis naar cultuur‚Äô november 2023 en doorontwikkeling van het Culturele Doelgroepenmodel 2023-2024
",Amsterdam
GEM-215,Stichting Impuls,2024,5854703,"Peuters met bijzondere zorg
",Amsterdam
GEM-216,Reakt B.V.,2024,5846207,"681.J Beschermd wonen (WMO) en GGZ
",Den Haag
GEM-217,Stichting Mommerskwartier,2024,5806313,,Tilburg
GEM-218,Stichting Instituut voor Maatschappelijk Welzijn Breda e.o.,2023,5679504,,Breda
GEM-219,Stichting Samenwerking voor Bijzondere Noden Amsterdam,2024,5677932,"Maatwerkbudget Toeslagengedupeerden
",Amsterdam
GEM-220,St. IrisZorg,2024,5674535,,Arnhem
GEM-221,Reakt B.V.,2023,5673192,"Beschermd wonen (WMO) en GGZ
",Den Haag
GEM-222,Stichting Amsterdam Institute for Advanced Metropolitan Solutions (AMS),2024,5667900,"AMS activiteiten jaargang 2024
",Amsterdam
GEM-223,Bibliotheken Eemland,2024,5645402,Bibliotheek op school,Amersfoort
GEM-224,Stichting MEE Amstel en Zaan,2023,5645163,"Aanvraag MEE Amstel en Zaan
",Amsterdam
GEM-225,Stichting Publieke Omroep Amsterdam,2024,5642018,"Bekostiging Pubieke Omroep Amsterdam 2024
",Amsterdam
GEM-226,MEE West-Brabant,2024,5609171,,Breda
GEM-227,Vitree Stichting,2022,5580173,"Tegemoetkoming Compensatie Markttoeslag 1,13%",Almere
GEM-228,Stichting Mommerskwartier,2023,5573034,,Tilburg
GEM-229,Stichting Leger des Heils Welzijns- en Gezondheidszorg,2024,5566630,"Begeleiding slachtoffers mensenhandel 2e half jaar 2024
",Amsterdam
GEM-230,Stichting Amsterdamse Oecumenische Scholengroep,2022,5565687,"Brede Talent Ontwikkeling (BTO)
",Amsterdam
GEM-231,Chasse Theater N.V.,2022,5563689,,Breda
GEM-232,Stichting MEE Zuid-Holland Noord,2022,5559686,"Preventief Jeugdbeleid
",Den Haag
GEM-233,Stichting PerspeKtief,2024,5539944,"681.J Beschermd wonen (WMO) en GGZ
",Den Haag
GEM-234,Coöperatieve Vereniging Building Breda,2022,5534479,,Breda
GEM-235,Stichting het Residentie Orkest (1),2024,5534028,"530.B Cultuur
",Den Haag
GEM-236,Bibliotheken Eemland,2023,5533375,aanvullende subsidie 2023,Amersfoort
GEM-237,Stichting Vivell,2024,5468802,"Gezamenlijke Subsidieaanvraag Social Pact 2024 
",Amsterdam
GEM-238,Stichting Maatschappelijke Opvang Breda e.o.,2023,5467083,,Breda
GEM-239,Theaters Tilburg  Stichting,2023,5464478,,Tilburg
GEM-240,Stichting Museon|Omniversum,2023,5362172,"Musea
",Den Haag
GEM-241,St. IrisZorg,2023,5335633,,Arnhem
GEM-242,Theaters Tilburg  Stichting,2022,5312806,,Tilburg
GEM-243,Kinderopvang SKAR BV,2023,5312639,,Arnhem
GEM-244,Stichting Werkpro,2023,5285551,Acc.bel. Programatische ondst.,Groningen
GEM-245,Stichting Publieke Omroep Amsterdam,2023,5216462,"FunX Amsterdam 2023
",Amsterdam
GEM-246,Stichting Openbaar Basisonderwijs Westelijke Tuinsteden,2023,5215280,"AFS Huizinga Toekomst Globe
",Amsterdam
GEM-247,Stichting Impuls,2023,5205074,"Peuters met bijzondere zorg
",Amsterdam
GEM-248,Scholen In De Kunst,2024,5202195,diverse activiteiten,Amersfoort
GEM-249,Stichting Impuls,2022,5184628,"Peuters met bijzondere zorg
",Amsterdam
GEM-250,Stichting het Residentie Orkest (1),2023,5171024,"Cultuur
",Den Haag
GEM-251,St. Museum Arnhem,2023,5122729,,Arnhem
GEM-252,Stichting PerspeKtief,2022,5101757,"Huiselijk geweld
",Den Haag
GEM-253,Scholen In De Kunst,2023,5096747,diverse activiteiten,Amersfoort
GEM-254,Reakt B.V.,2022,5094650,"Beschermd wonen en GGZ (ZIN)
",Den Haag
GEM-255,Bibliotheken Eemland,2022,5082933,Pilot Taal033 laaggeletterdheid,Amersfoort
GEM-256,Stichting Jongleren,2023,5081070,"Onderwijsachterstandenbeleid en taal
",Den Haag
GEM-257,Pactum,2024,5071121,,Arnhem
GEM-258,Stichting Museon-Omniversum,2022,5063037,"Musea
",Den Haag
GEM-259,MEE West-Brabant,2023,5050608,,Breda
GEM-260,Stichting VluchtelingenWerk Nederland,2023,5049040,"aanvraag subsidie ongedocumenteerden 2023
",Amsterdam
GEM-261,Stichting amsterdam&partners,2022,5010050,"ABHZ-4 , 2022
",Amsterdam
GEM-262,Stichting Mommerskwartier,2022,4995333,,Tilburg
GEM-263,Stichting Werkpro,2022,4948981,Algemeen sociaal-cultureel werk,Groningen
GEM-264,Kessler Stichting,2022,4925837,"Maatschappelijke opvang
",Den Haag
GEM-265,Stichting Instituut voor Maatschappelijk Welzijn Breda e.o.,2022,4920255,,Breda
GEM-266,Stichting Samenwonen-Samenleven,2023,4909262,"Afbouw Station Wildeman
",Amsterdam
GEM-267,Stichting MEE Amstel en Zaan,2022,4899568,"Zorg en sociale basis 2022
",Amsterdam
GEM-268,Residentie Orkest Den Haag,2022,4876071,"Cultuur
",Den Haag
GEM-269,Stichting Haarlem Effect,2022,4869214,"2021 - 2023 Wijkaanpak Rozenprieel; Samenspelen, schot in de Roos",Haarlem
GEM-270,Stichting Christelijk Onderwijs Haaglanden,2024,4845196,"430.I Onderwijsbeleid
",Den Haag
GEM-271,GGD Hart voor Brabant Tilburg,2023,4839767,,Tilburg
GEM-272,St. IrisZorg,2022,4836348,,Arnhem
GEM-273,Stichting Sport Utrecht,2023,4827757,,Utrecht
GEM-274,Stichting PerspeKtief,2023,4816462,"Maatschappelijke- en vrouwenopvang (WMO)
",Den Haag
GEM-275,Stichting Bibliotheek Zuid Kennemerland,2022,4809858,2022 - 2024 Culturele Basisinfrastructuur,Haarlem
GEM-276,Stichting Maatschappelijke Opvang Breda e.o.,2022,4797835,,Breda
GEM-277,St. Museum Arnhem,2024,4784271,,Arnhem
GEM-278,Surplus Welzijn Breda,2024,4728787,,Breda
GEM-279,Stichting INLIA Groningen,2022,4712472,Landelijke Vreemdelingenvoorzieningen (LVV),Groningen
GEM-280,Groninger Museum,2023,4656116,Beeldende kunst,Groningen
GEM-281,Stichting Openbaar Basisonderwijs Westelijke Tuinsteden,2024,4623899,"Brede Talent Ontwikkeling STWT
",Amsterdam
GEM-282,Stichting INLIA Groningen,2023,4614507,Landelijke Vreemdelingenvoorzieningen (LVV),Groningen
GEM-283,Universiteit van Amsterdam,2022,4602383,"Bevordering co-creatie LAB42
",Amsterdam
GEM-284,Stichting Cordaan,2024,4586443,"Sociale Basis 2024
",Amsterdam
GEM-285,Stichting Vrouwenopvang Safegroup,2022,4538062,,Breda
GEM-286,Stichting Christelijk Onderwijs Haaglanden,2023,4532712,"Onderwijsachterstandenbeleid en taal
",Den Haag
GEM-287,Scholen in de Kunst,2022,4509916,diverse activiteiten,Amersfoort
GEM-288,Stichting Frans Hals Museum,2023,4481966,2022 - 2024 Culturele Basisinfrastructuur,Haarlem
GEM-289,Particulier,2024,4434171,"Sloopsubsidie
",Amsterdam
GEM-290,MEE West-Brabant,2022,4432035,,Breda
GEM-291,Stichting Zonova,2024,4424097,"Sterke Schoolleider
",Amsterdam
GEM-292,Stichting Sportservice Amsterdam,2024,4396101,"Braintraining op de dansvloer 2024
",Amsterdam
GEM-293,Stichting Vivell,2022,4381546,"Buurtbanen 2022-2023
",Amsterdam
GEM-294,Stichting Utrecht Natuurlijk,2024,4369495,,Utrecht
GEM-295,Stichting Welzijn Scheveningen,2024,4362510,"610.R Samenkracht en burgerparticipatie
",Den Haag
GEM-296,St. Museum Arnhem,2022,4350759,,Arnhem
GEM-297,St. Moviera,2024,4347174,,Arnhem
GEM-298,Stichting Vrouwenopvang Safegroup,2024,4345045,,Breda
GEM-299,Stichting Sport Utrecht,2024,4340037,,Utrecht
GEM-300,De Flint Theater- en Congressen,2024,4323236,aanvullende subsidie 2024,Amersfoort
GEM-301,T-Primair Onderwijs Coöperatie,2022,4307822,,Tilburg
GEM-302,Stichting VRIJDAG,2023,4306150,Beeldende kunst,Groningen
GEM-303,Stichting Sail Amsterdam,2024,4300000,"Subsidie vaste kosten Stichting Sail Amsterdam 2024
",Amsterdam
GEM-304,Stichting Muziekschool Amsterdam,2024,4272554,"Activiteiten Muziekschool Amsterdam 2024
",Amsterdam
GEM-305,Stichting Zonova,2022,4269197,"Ondersteuning directeuren
",Amsterdam
GEM-306,Stichting Jongleren,2022,4263286,"Onderwijsachterstandenbeleid en taal
",Den Haag
GEM-307,Stichting Veilig Thuis Midden-,2024,4247205,,Tilburg
GEM-308,Stichting Stedelijk Museum Breda,2024,4219007,,Breda
GEM-309,Stichting tot Instandhouding van de Diergaarde van het Koninklijk Zo√∂logisch Genootschap Natura Artis Magistra,2023,4217082,"Instandhoudingssubsidie Natura Artis Magistra
",Amsterdam
GEM-310,Stichting Vivell,2023,4216156,"'Alles heeft betekenis' een documentaire over het cultureel erfgoed van Afrikanen en Afrikanen in diaspora
",Amsterdam
GEM-311,Stichting Welzijn Scheveningen,2023,4212191,"Gebiedsgericht welzijnswerk
",Den Haag
GEM-312,Stichting Openbaar Onderwijs Noord,2023,4208793,"Amsterdamse Familie School 7 scholen Innoord
",Amsterdam
GEM-313,Stichting Protestants Christelijke Peuterspeelzalen,2024,4198508,"430.I Onderwijsbeleid
",Den Haag
GEM-314,Stichting Muziekschool Amsterdam,2023,4155023,"Aanvraag incidentele middelen voor het versterken van de concurrentiepositie muziekdocenten
",Amsterdam
GEM-315,Stichting Openbaar Primair Onderwijs Utrecht,2024,4091074,,Utrecht
GEM-316,Stichting tot Instandhouding van de Diergaarde van het Koninklijk Zo√∂logisch Genootschap Natura Artis Magistra,2022,4086320,"Instandhouding Natura Artis Magistra
",Amsterdam
GEM-317,Particulieren,2022,4084093,"Leefbaarheid en bewonersparticipatie
",Den Haag
GEM-318,Stichting Openbaar Basisonderwijs Westelijke Tuinsteden,2022,4083476,"Brede Talentontwikkeling
",Amsterdam
GEM-319,"""Samen tussen Amstel en IJ"" Stichting voor Openbaar Primair Onderwijs",2023,4067940,"Aanvraag subsidie Brede Talent Ontwikkeling (BTO)
",Amsterdam
GEM-320,Stichting Publieke Omroep Amsterdam,2022,4062112,"FunX Amsterdam 2022
",Amsterdam
GEM-321,Stichting CultuurSchakel,2024,4049593,"530.B Cultuur
",Den Haag
GEM-322,B&A WMO Diensten B.V.,2024,4049560,"Buurtambassadeurs Waterlandpleinbuurt 2024 (Noord)
",Amsterdam
GEM-323,De Flint Theater- en Congressen,2023,4037658,diverse activiteiten,Amersfoort
GEM-324,Stichting Stedelijk Museum Breda,2022,4032640,,Breda
GEM-325,Stichting Stedelijk Museum Breda,2023,4028310,,Breda
GEM-326,Stichting Amsterdam 750,2022,4000000,"Stichting Amsterdam 750
",Amsterdam
GEM-327,Groninger Museum,2022,3994397,Beeldende kunst,Groningen
GEM-328,T-Primair Onderwijs Coöperatie,2024,3988471,,Tilburg
GEM-329,Stichting Sportservice Amsterdam,2023,3970096,"Braintraining op de dansvloer
",Amsterdam
GEM-330,T-Primair Onderwijs Coöperatie,2023,3963418,,Tilburg
GEM-331,Surplus Welzijn Breda,2023,3937667,,Breda
GEM-332,Particulier,2023,3898683,,Breda
GEM-333,Koraal Stichting,2023,3896104,,Tilburg
GEM-334,St. Moviera,2023,3885257,,Arnhem
GEM-335,Stichting Veilig Thuis Midden-,2023,3874881,,Tilburg
GEM-336,Stichting CultuurSchakel,2022,3870992,"Cultuur
",Den Haag
GEM-337,Stichting Werkgever Sportclubs Den Haag,2023,3870543,"Participatie
",Den Haag
GEM-338,Stichting Hulp en Opvang Prostitutie en Mensenhandel,2024,3857540,"610.R Samenkracht en burgerparticipatie
",Den Haag
GEM-339,Tilburg University,2024,3847655,,Tilburg
GEM-340,Stichting Vrouwenopvang Safegroup,2023,3844292,,Breda
GEM-341,Stichting Sportservice Amsterdam,2022,3816210,"Braintraining op de dansvloer
",Amsterdam
GEM-342,GGD Hart voor Brabant Tilburg,2022,3804433,,Tilburg
GEM-343,Particulier,2022,3794091,"van groot naar beter
",Amsterdam
GEM-344,Stichting CultuurSchakel,2023,3788290,"Cultuur
",Den Haag
GEM-345,Stichting Muziekschool Amsterdam,2022,3784725,"Activiteiten Muziekschool Amsterdam 2022
",Amsterdam
GEM-346,Stichting Welzijn Scheveningen,2022,3764942,"Leefbaarheid en bewonersparticipatie
",Den Haag
GEM-347,Stichting Passend Primair Onderwijs Haaglanden (SPPOH),2022,3760278,"Stedelijk onderwijsbeleid en projecten
",Den Haag
GEM-348,Jeugdgezondheidszorg Kennemerland,2023,3737961,2022 - 2023 Kansrijke start,Haarlem
GEM-349,Stichting MEE Zuid-Holland Noord,2024,3735331,"610.R Samenkracht en burgerparticipatie
",Den Haag
GEM-350,Stichting Jeugdfonds Sport & Cultuur Amsterdam,2023,3730750,"Vergoeding van sport en diplomazwemmen voor Amsterdamse minimajongeren 2023
",Amsterdam
GEM-351,Stichting VRIJDAG,2022,3728689,Beeldende kunst,Groningen
GEM-352,Stichting Amersfoort in C,2024,3709589,diverse activiteiten,Amersfoort
GEM-353,"Stichting Eigenwijks, organisatie van samenwerkende wijkbewoners",2024,3708754,"AZC Coffee Connect Eigenwijks 2024
",Amsterdam
GEM-354,Particulier,2024,3645114,,Breda
GEM-355,Particulier,2023,3608207,"VGNB
",Amsterdam
GEM-356,St. Moviera,2022,3600857,,Arnhem
GEM-357,Stichting Jeugdbescherming Bra,2022,3600000,,Tilburg
GEM-358,De Flint Theater- en Congressen,2022,3599087,diverse activiteiten,Amersfoort
GEM-359,Jeugdgezondheidszorg Kennemerland,2022,3513605,2022 Jeugdgezondheidszorg 0-4 jaar,Haarlem
GEM-360,Stichting Werkgever Sportclubs Den Haag,2024,3493563,"510.A Sportbeleid en activering
",Den Haag
GEM-361,Stichting Veilig Thuis Midden-,2022,3490626,,Tilburg
GEM-362,VMCA Stichting,2023,3471694,aanvullende aanvraag Burennetwerk 23000275 SA,Almere
GEM-363,Stichting Frans Hals Museum,2022,3422545,2022 - 2024 Culturele Basisinfrastructuur,Haarlem
GEM-364,Stichting VluchtelingenWerk Nederland,2024,3418871,,Utrecht
GEM-365,Stichting Arkin,2024,3415627,Deelname Jeugdinterventieteam,Amersfoort
GEM-366,Stichting Amersfoort in C,2023,3346741,herstel culturele instellingen 2023,Amersfoort
GEM-367,Stichting Muziekgebouw aan 't IJ,2024,3344430,"Activiteiten Muziekgebouw aan 't IJ 2024
",Amsterdam
GEM-368,Stichting Hulp en Opvang Prostitutie en Mensenhandel,2023,3339128,"Maatschappelijke- en vrouwenopvang (WMO)
",Den Haag
GEM-369,Fier,2023,3337417,Specialistische functies aanpak huiselijk geweld en kindermi,Groningen
GEM-370,Stichting Regionaal Opleidingencentrum van Amsterdam-Flevoland,2023,3322618,"Kwetsbare jongeren
",Amsterdam
GEM-371,Stichting de Toneelschuur,2022,3306040,2022 - 2024 Culturele Basisinfrastructuur,Haarlem
GEM-372,Stichting De Meervaart,2024,3304391,"Activiteiten De Meervaart 2024
",Amsterdam
GEM-373,Stichting WIJ,2024,3301988,,Breda
GEM-374,"Stichting Eigenwijks, organisatie van samenwerkende wijkbewoners",2023,3298064,"Aanvulling Buurtlab De Aker 
",Amsterdam
GEM-375,Vereniging Clientenbelang,2024,3271321,"Collectieve belangenbehartiging en Onafhankelijke Individuele Cli√ôntondersteuning
",Amsterdam
GEM-376,Stichting Christelijk Onderwijs Haaglanden SCOH,2022,3271002,"Onderwijsachterstandenbeleid en taal
",Den Haag
GEM-377,Stichting Passend Primair Onderwijs Haaglanden (SPPOH),2023,3251283,"430.I Onderwijsbeleid
",Den Haag
GEM-378,Kober B.V.,2024,3248317,,Breda
GEM-379,Amsterdam West Binnen de Ring stichting voor openbaar primair onderwijs,2024,3240311,"Naschools aanbod voor het schoolgaande kind
",Amsterdam
GEM-380,Stichting VluchtelingenWerk Nederland,2023,3234720,,Utrecht
GEM-381,Factorium Cultuurmakers  Stich,2024,3231803,,Tilburg
GEM-382,Indigo B.V.,2023,3229194,"710.K Volksgezondheid (Openbaar, Jeugdzorg, GGD en Ambulancevervoer)
",Den Haag
GEM-383,ST Stadsring 51,2023,3211094,budgetbeheer,Amersfoort
GEM-384,St. Veilig Thuis Gelderland Midden,2024,3209435,,Arnhem
GEM-385,PI-groep Zorg BV,2023,3180799,Beschermd Beschut Wonen,Almere
GEM-386,Stichting Muziekgebouw aan 't IJ,2023,3179116,"Activiteiten Muziekgebouw aan 't IJ 2023
",Amsterdam
GEM-387,Stichting openbaar onderwijs aan de Amstel,2023,3176746,"Subsidie Ondersteuning directeuren
",Amsterdam
GEM-388,Stichting Hero Kindercentra Peuteropvang,2023,3173291,2023 NPO Training Prikkelverwerking,Haarlem
GEM-389,Amsterdam West Binnen de Ring stichting voor openbaar primair onderwijs,2023,3168275,"Aanvullende reiskosten
",Amsterdam
GEM-390,Stichting Levvel,2024,3168006,"Aanpak seksueel risiscogedrag 2024
",Amsterdam
GEM-391,DOCK Haarlem,2022,3156950,2022 Sociale Basis,Haarlem
GEM-392,Stichting Nederlands Dans Theater,2024,3156320,"530.B Cultuur
",Den Haag
GEM-393,Stichting De Meervaart,2023,3153292,"Activiteiten De Meervaart 2023
",Amsterdam
GEM-394,Stichting Arkin,2023,3150439,Inzet bemoeizorg regionaal,Amersfoort
GEM-395,Stichting Werkgever Sportclubs Den Haag (WSDH),2022,3121030,"Leefbaarheid en bewonersparticipatie
",Den Haag
GEM-396,Openbaar Onderwijs GroepGroningen,2023,3115844,Armoedebeleid- Armoede bestrijding,Groningen
GEM-397,Stichting Samenwerking voor Bijzondere Noden Amsterdam,2022,3106658,"Maatwerkbudget Toeslagengedupeerden
",Amsterdam
GEM-398,VMCA Stichting,2022,3104028,digitaal platform Almere voor elkaar,Almere
GEM-399,ST Stadsring,2024,3091411,budgetbeheer,Amersfoort
GEM-400,Midpoint Brabant Stichting,2024,3084883,,Tilburg
GEM-401,Stichting Arkin,2023,3068338,,Utrecht
GEM-402,Factorium Podiumkunsten  Stich,2022,3067243,,Tilburg
GEM-403,Indigo B.V.,2024,3062085,"710.K Volksgezondheid (Openbaar, Jeugdzorg, GGD en Ambulancevervoer)
",Den Haag
GEM-404,Stichting openbaar onderwijs aan de Amstel,2024,3059184,"Sterke Schoolleider 2024-2025
",Amsterdam
GEM-405,Factorium Cultuurmakers Sticht,2023,3047404,,Tilburg
GEM-406,Hero Kindercentra,2022,3040702,2019 - 2022 SidW; Oost 2,Haarlem
GEM-407,Stichting Voortgezet Onderwijs Haaglanden,2024,3029513,"430.I Onderwijsbeleid
",Den Haag
GEM-408,St. Veilig Thuis Gelderland Midden,2023,3023140,,Arnhem
GEM-409,Surplus Welzijn Breda,2022,3022322,,Breda
GEM-410,Blijf Groep,2023,3016000,2023 Incidentele middelen,Haarlem
GEM-411,Stichting Combiwel voor Kinderen,2024,2994030,"Offerte Home-Start 2024
",Amsterdam
GEM-412,Stichting Ymere,2022,2979843,"Aardgasvrij maken  blok 9 en 10
",Amsterdam
GEM-413,Woningstichting Eigen Haard,2023,2973741,"Renovatie Stellingweg aardgasvrij
",Amsterdam
GEM-414,Stichting Arkin,2022,2965577,Inzet team BAS,Amersfoort
GEM-415,Stichting Muziekgebouw aan 't IJ,2022,2962572,"Activiteiten Muziekgebouw aan 't IJ 2022
",Amsterdam
GEM-416,Stichting Amersfoort in C,2022,2959572,deskundigheidsbevordering vrijwilligers,Amersfoort
GEM-417,"Stichting Eigenwijks, organisatie van samenwerkende wijkbewoners",2022,2947836,"16e editie Rembrandtparkfestival
",Amsterdam
GEM-418,Stichting Nederlands Dans Theater,2023,2946430,"Cultuur
",Den Haag
GEM-419,St. Veilig Thuis Gelderland Midden,2022,2944426,,Arnhem
GEM-420,Stichting De Meervaart,2022,2940958,"Activiteiten De Meervaart 2022
",Amsterdam
GEM-421,"""Samen tussen Amstel en IJ"" Stichting voor Openbaar Primair Onderwijs",2024,2934785,"Onderwijsvoorzieningen PO 2024-2025
",Amsterdam
GEM-422,"""Samen tussen Amstel en IJ"" Stichting voor Openbaar Primair Onderwijs",2022,2927577,"Aanvraag AIS Het Spectrum IJburg
",Amsterdam
GEM-423,Stichting openbaar onderwijs aan de Amstel,2022,2924578,"aanvraag subsidie tegemoetkoming reiskosten
",Amsterdam
GEM-424,ASG Almeerse Scholengroep,2022,2913463,Noodplan lerarentekort Almere,Almere
GEM-425,Stichting de Toneelschuur,2023,2900411,2022 - 2024 Culturele Basisinfrastructuur,Haarlem
GEM-426,Samenwerkingsverband Voortgezet Onderwijs Amsterdam-Diemen,2023,2897316,"Ambitieagenda 2023-2025
",Amsterdam
GEM-427,Amsterdam West Binnen de Ring stichting voor openbaar primair onderwijs,2022,2867968,"Naschoolse- en tussenschoolse activiteiten
",Amsterdam
GEM-428,Verslavingszorg Noord Nederland (VNN),2023,2864272,OGGZ- Gemeente Groningen,Groningen
GEM-429,Woonstichting Lieven de Key,2022,2863664,"Rolstoelwoningen
",Amsterdam
GEM-430,St. Peutercentra Arnhem,2022,2860919,,Arnhem
GEM-431,Stichting Voortgezet Onderwijs Haaglanden,2023,2855431,"Stedelijk onderwijsbeleid en projecten
",Den Haag
GEM-432,Stichting Openbaar Onderwijs Noord,2024,2855246,"Aanvraag - Sterke schoolleider
",Amsterdam
GEM-433,Stichting Leger des Heils Welzijns- en Gezondheidszorg,2023,2829962,,Utrecht
GEM-434,Stichting Programmabureau Amsterdam Zuidoost,2024,2814033,"Exploitatiesubsidie Wijkcentrum Kwakoe 2024
",Amsterdam
GEM-435,Stichting Programmabureau Amsterdam Zuidoost,2023,2798859,"Beheer, exploitatie buurthuizen, Nolimit, VEC, Buurtkamer Gravestein en ondersteuning bewonersactiviteiten 2023 
",Amsterdam
GEM-436,Stichting Speeltuinen in Noord,2024,2797269,"Communicatie Banne (Aanpak Noord)
",Amsterdam
GEM-437,Stichting Bureau Sigra Dienstverlening,2024,2788500,"Ondersteuning netwerksamenwerking AV&G
",Amsterdam
GEM-438,Leger des Heils Welzijns- en Gezondheidszorg,2023,2784695,Aanpak Mensenhandel,Groningen
GEM-439,Stichting Nederlands Dans Theater,2022,2781056,"Cultuur
",Den Haag
GEM-440,Stichting Jeugdbescherming Bra,2023,2778459,,Tilburg
GEM-441,Stichting Hulp en Opvang Prostitutie en Mensenhandel,2022,2771086,"Huiselijk geweld
",Den Haag
GEM-442,Stichting The Bridge Learning Interventions,2024,2770000,"Herschreven voorstel The Bridge opschaling High Dosage Tutoring in Amsterdam
",Amsterdam
GEM-443,Stichting Levvel,2023,2745858,"Aanpak Seksueel Risicogedrag 2023
",Amsterdam
GEM-444,Breda Actief (MOOIWERK),2024,2744914,,Breda
GEM-445,Stichting Ymere,2023,2742018,"Gentiaanbuurt blok 8 aardgasvrij
",Amsterdam
GEM-446,Xpect013 B.V.,2024,2695044,,Tilburg
GEM-447,Stichting Leger des Heils Welzijns- en Gezondheidszorg,2024,2688355,,Utrecht
GEM-448,Optisport De Ronde Venen,2022,2681000,"Sport | Exploitatie Veeenweidebad
",De Ronde Venen
GEM-449,Stichting WIJ,2023,2679385,,Breda
GEM-450,Verslavingszorg Noord Nederland (VNN),2022,2673924,Heroineverstrekking,Groningen
GEM-451,Stichting Protestants Christelijk Onderwijs te Utrecht,2024,2651028,,Utrecht
GEM-452,ST Stadsring 51,2022,2636275,budgetbeheer,Amersfoort
GEM-453,Stichting WIJ 3.0,2024,2634008,,Utrecht
GEM-454,Stichting Cordaan,2023,2630942,"Activiteitenplan Straatactie Jonge Mantelzorg
",Amsterdam
GEM-455,St. Natuurcentrum Arnhem,2024,2618318,,Arnhem
GEM-456,Pactum,2022,2611289,,Arnhem
GEM-457,Openbaar Onderwijs GroepGroningen,2022,2604799,Armoedebeleid- Gezonde voeding - ontbijt,Groningen
GEM-458,Stichting brede buurtschool Den Haag,2022,2597957,"Onderwijsachterstandenbeleid en taal
",Den Haag
GEM-459,Stichting PEP Den Haag Participatie Emancipatie Professionals,2024,2591511,"610.F Integratie en Burgerschap
",Den Haag
GEM-460,Ontwikkelingscombinatie NBU / Maas-Jacobs B.V. ,2024,2577500,,Breda
GEM-461,Stichting Programmabureau Amsterdam Zuidoost,2022,2572700,"Sociale accommodaties
",Amsterdam
GEM-462,St. Welzijn Ouderen Arnhem,2024,2568624,,Arnhem
GEM-463,Woonstichting Lieven de Key,2024,2562800,"K-torens isoleren en aansluiten op het  warmtenet.
",Amsterdam
GEM-464,Gemeente Waalwijk,2024,2557103,,Tilburg
GEM-465,Stichting Levvel,2022,2533915,"Aanvraag buurtsportcoach Jeugdigen van 6-18 jaar die zorg of ondersteuning ontvangen
",Amsterdam
GEM-466,Leger des Heils Welzijns-en Gezondheidszorg,2022,2532796,DUUP regeling,Groningen
GEM-467,Stichting VOOR Welzijn,2022,2526383,"Stadsdeelbudget Buurthuizen en ondersteuning vrijwilligers
",Den Haag
GEM-468,Xpect013 B.V.,2023,2516674,,Tilburg
GEM-469,Stichting Stroom Den Haag,2024,2512247,"530.B Cultuur
",Den Haag
GEM-470,Particulieren,2023,2510578,"Participatie
",Den Haag
GEM-471,Energieco√∂peratie Ketelhuis WG U.A.,2023,2499745,"KetelhuisWG - duurzaame en betaalbaar warmtenet
",Amsterdam
GEM-472,Breda Actief (MOOIWERK),2023,2495146,,Breda
GEM-473,Stichting Combiwel voor Kinderen,2022,2487981,"Spelinlopen Zuid en West
",Amsterdam
GEM-474,Blijf Groep,2022,2484000,2022 Vrouwenopvang; BlijfGroep,Haarlem
GEM-475,Vereniging Clientenbelang,2023,2467806,"Cli√ôntenbelang Amsterdam
",Amsterdam
GEM-476,Stichting ASKV / Steunpunt Vluchtelingen,2024,2466578,"Aanvraag juridische begeleiding, casemanagement en maatschappelijke begeleiding 2024-2
",Amsterdam
GEM-477,St. Pas,2024,2460059,,Arnhem
GEM-478,MEE Samen Stichting,2023,2459273,RSV,Almere
GEM-479,Stichting Zienn,2022,2457468,Opvang- 24 uurs verblijf en begeleiding,Groningen
GEM-480,Flevo Campus Stichting,2023,2454920,"Ontwikkelen, organiseren en faciliteren regionaal cluster",Almere
GEM-481,Stichting brede buurtschool Den Haag,2023,2452978,"Onderwijsachterstandenbeleid en taal
",Den Haag
GEM-482,Indigo B.V.,2022,2434132,"Openbare gezondheidszorg
",Den Haag
GEM-483,Stichting WIJ,2022,2419979,,Breda
GEM-484,Gro-up Kinderopvang B.V.,2024,2417886,"430.I Onderwijsbeleid
",Den Haag
GEM-485,Midpoint Brabant Stichting,2023,2410748,,Tilburg
GEM-486,Stichting PEP Den Haag Participatie Emancipatie Professionals,2023,2406582,"Integratie en Burgerschap
",Den Haag
GEM-487,Kober B.V.,2023,2400853,,Breda
GEM-488,"HUMANITAS, Nederlandse  vereniging voormaatschappelijke dienstverlening en samel",2023,2399209,Aanpak eenzaamheid,Groningen
GEM-489,St. Welzijn Ouderen Arnhem,2023,2392519,,Arnhem
GEM-490,Stichting brede buurtschool Den Haag,2024,2387214,"430.I Onderwijsbeleid
",Den Haag
GEM-491,Stichting Gasthuis Frascati,2024,2377421,"Activiteiten Frascati 2024
",Amsterdam
GEM-492,Stichting Jeugdfonds Sport & Cultuur Amsterdam,2022,2365260,"extra vergoeding achterstand diplomzwemmen agv corona II
",Amsterdam
GEM-493,Breda Actief (MOOIWERK),2022,2363307,,Breda
GEM-494,Stichting Stroom Den Haag,2023,2360878,"Cultuur
",Den Haag
GEM-495,Stichting Openbaar Onderwijs Noord,2022,2353285,"fietsstimulering ouders/kinderen
",Amsterdam
GEM-496,"HUMANITAS, Nederlandsemaatschappelijke dienstverlening en same",2022,2347820,Aanpak eenzaamheid,Groningen
GEM-497,St. Pas,2023,2347168,,Arnhem
GEM-498,Stichting Jeugdwerk 's-Gravenhage-Oost,2024,2345477,"610.T Leefbaarheid en bewonersparticipatie
",Den Haag
GEM-499,Stichting Stroom Den Haag,2022,2341613,"Cultuur
",Den Haag
GEM-500,Stichting Sportbedrijf Amsterdam-Centrum (SpACe),2023,2341414,"Aanvulling indexering 7,5% entree-/veren.tarief zwembaden 2023
",Amsterdam
