text,module,entity,jaar,chars
De provincie Gelderland keerde in 2022 €3.058.412 uit aan Gemeente Wageningen voor 'Betaalbaar wonen - Buurtseweg Ireneschool'. #Provincies #Gelderland #Wageningen,provincie,Gemeente Wageningen,2022,163
In 2022 was de kostenpost 'bijdrage sso ssc-ict (bzk)' bij Buitenlandse Zaken: €102.098.000. #Overheidsuitgaven #BuZa #ICT,apparaat,Bijdrage SSO SSC-ICT (BZK),2022,122
De inkoopcontracten van Fugro Netherlands Marine B.V. bij het Rijk vallen boven €50 miljoen. #Overheidsinkoop,inkoop,Fugro Netherlands Marine B.V.,,109
De inkoopcontracten van LP4 v.o.f. bij het Rijk vallen boven €50 miljoen. #Overheidsinkoop #Lp4Vof,inkoop,LP4 v.o.f.,,98
Het COA koopt bij Gemeente Loon op Zand in de prijsklasse boven €10 miljoen voor 'Vergoeding gemeenten LOCC'. #COA #Asielopvang,coa,Gemeente Loon op Zand,,127
Dankzij 'Leefbaarheid en bewonersparticipatie' kreeg VOOR Welzijn in 2022 €9.378.161. #Gemeenten #DenHaag #VoorWelzijn,gemeente,VOOR Welzijn,2022,118
De inkoopcontracten van IXAS Zuid-Oost B.V. bij het Rijk vallen boven €50 miljoen. #Overheidsinkoop #IxasZuidoost,inkoop,IXAS Zuid-Oost B.V.,,113
Vanuit de gemeente Den Haag ging in 2024 €5.846.207 naar Reakt B.V. voor '681.J Beschermd wonen (WMO) en GGZ'. #Gemeenten #DenHaag #Reakt,gemeente,Reakt B.V.,2024,137
De post 'aanschaf hardware' bij Financiën bedroeg in 2022 €27.355.000. #Overheidsuitgaven #Financien,apparaat,Aanschaf hardware,2022,100
USG Professionals B.V. levert aan de Rijksoverheid met contracten boven €25 miljoen (uitbesteden juridische adviesopdrachten). #Overheidsinkoop #UsgProfessionals,inkoop,USG Professionals B.V.,,161
Buitenlandse Zaken besteedde in 2022 €32.787.000 aan de post 'definities conform p-direkt'. #Overheidsuitgaven #BuZa,apparaat,Definities conform P-direkt,2022,116
Stichting Leger des Heils levert aan de Rijksoverheid met contracten boven €25 miljoen (v&j specifiek). #Overheidsinkoop,inkoop,Stichting Leger des Heils,,120
Aan beheer en onderhoud infrastructuur besteedde Justitie en Veiligheid in 2023 €22.013.000. #Overheidsuitgaven #JenV,apparaat,Beheer en onderhoud infrastructuur,2023,117
In 2024 kwam €1.399.425 terecht bij Het College van B&W van de Gemeente Hoogeveen dankzij 'Domein Overstijgend Samenwerken Drenthe'. #Subsidies #ZonMW,publiek,Het College van B&W van de Gemeente Hoogeveen,2024,150
Met behulp van 'Eurostars' ontving Genewity B.V. in 2023 €499.012. #Subsidies #RVO #Genewity,publiek,Genewity B.V.,2023,92
De contracten van Gispen Nederland B.V. bij het COA vallen boven €1 miljoen. Regeling: Prijsverschillen automatisch (geboekt). #COA #Asielopvang #GispenNederland,coa,Gispen Nederland B.V.,,161
"In 2023 ontving Waterschap Amstel, Gooi en Vecht €11.168.186 van de provincie Noord-Holland via 'Groen - Uvr Natuurherstelmaatregelen - SAP'. #Provincies #NoordHolland",provincie,"Waterschap Amstel, Gooi en Vecht",2023,167
De gemeente Amsterdam keerde in 2024 €2.562.800 uit aan Woonstichting Lieven de Key voor 'K-torens isoleren en aansluiten op het warmtenet.'. #Gemeenten #Amsterdam,gemeente,Woonstichting Lieven de Key,2024,163
In 2024 gaf Defensie €139.673.000 uit aan advisering automatiseringsvraagstukken. #Overheidsuitgaven #Defensie,apparaat,Advisering automatiseringsvraagstukken,2024,110
Via ZonMW ontving Libreon in 2024 €429.436 voor 'Christoffel MDT Libreon Groen & Duurzaam'. #Subsidies #ZonMW #Libreon,publiek,Libreon,2024,118
De contracten van Notariskantoor Soons bij het COA vallen boven €5 miljoen. Regeling: Aankoop permanente gebouwen. #COA #Asielopvang #NotariskantoorSoons,coa,Notariskantoor Soons,,153
In 2022 kwam €589.382.000 terecht bij Universiteit Leiden dankzij 'Onderwijsdeel wo'. #Subsidies #UniversiteitLeiden,instrumenten,Universiteit Leiden,2022,116
Dankzij 'Algemene uitkering' kreeg Gemeente Roosendaal in 2024 €173.695.000. #Subsidies #Roosendaal,instrumenten,Gemeente Roosendaal,2024,99
"Losberger De Boer Benelux B.V. levert aan het COA met contracten boven €5 miljoen, regeling: Huisvesting Huur. #COA #Asielopvang",coa,Losberger De Boer Benelux B.V.,,128
Vanuit de gemeente Amsterdam ging in 2023 €2.630.942 naar Stichting Cordaan voor 'Activiteitenplan Straatactie Jonge Mantelzorg'. #Gemeenten #Amsterdam #Cordaan,gemeente,Stichting Cordaan,2023,160
In 2022 ontving Gemeente Hengelo €2.800.478 via 'Flexpools Hengelo'. #Provincies #Overijssel #Hengelo,provincie,Gemeente Hengelo,2022,101
In 2022 kwam €14.397.026 terecht bij H2Ermes B.V. dankzij 'IPCEI Waterstof'. #Subsidies #RVO #H2ermes,publiek,H2Ermes B.V.,2022,101
RVO keerde in 2023 €499.529 uit aan FUL Foods voor 'Eurostars'. #Subsidies #RVO #FulFoods,publiek,FUL Foods,2023,89
In 2024 ontving Centraal Bureau voor de Statistiek €196.050.000 via 'Bijdrage CBS (vanaf 2020)'. #Subsidies,instrumenten,Centraal Bureau voor de Statistiek,2024,107
In 2023 ontving Nederlandse organisatie voor €165.885.000 via 'NWO Talentenontwikkeling'. #Subsidies,instrumenten,Nederlandse organisatie voor,2023,100
Dolmans Landscaping Group bv is leverancier van het COA met contracten boven €1 miljoen. #COA #Asielopvang,coa,Dolmans Landscaping Group bv,,106
In 2022 ontving Gemeente Haarlemmermeer €1.981.260 van de provincie Noord-Holland via 'Bereikbaarheid - Doorfietsroute - Doorfietsroute'. #Provincies #NoordHolland #Haarlemmermeer,provincie,Gemeente Haarlemmermeer,2022,179
Heijmans Utiliteit levert aan de Rijksoverheid met contracten boven €100 miljoen (gebruik en onderhoud gebouw en terreinen). #Overheidsinkoop #HeijmansUtiliteit,inkoop,Heijmans Utiliteit,,160
Spoedtest B.V. heeft inkoopcontracten boven €25 miljoen bij de Rijksoverheid voor 'uitbesteden overig'. #Overheidsinkoop #Spoedtest,inkoop,Spoedtest B.V.,,131
In 2023 ontving Waterschap Vechtstromen €6.460.332 van de provincie Overijssel via 'Droogte Aanpak Midden-Twente'. #Provincies #Overijssel #WaterschapVechtstromen,provincie,Waterschap Vechtstromen,2023,162
In 2023 kwam €5.171.024 terecht bij Stichting het Residentie Orkest (1) dankzij 'Cultuur'. #Gemeenten #DenHaag,gemeente,Stichting het Residentie Orkest (1),2023,110
Het COA koopt bij Strukton WorkSphere in de prijsklasse boven €1 miljoen voor 'Bouwkundig onderhd'. #COA #Asielopvang #StruktonWorksphere,coa,Strukton WorkSphere,,137
In 2024 was de kostenpost 'aan externe partij uitbestede ict-dienstverlening' bij Justitie en Veiligheid: €55.965.000. #Overheidsuitgaven #JenV #ICT,apparaat,Aan externe partij uitbestede ICT-dienstverlening,2024,148
In 2023 ontving GGD Flevoland €17.069.063 via 'Kansrijke Start'. #Gemeenten #Almere #GgdFlevoland,gemeente,GGD Flevoland,2023,97
In 2022 kwam €986.106 terecht bij Universitair Medisch Centrum Groningen dankzij 'Dutch Translational Metabolism Conference'. #Subsidies #NWO,publiek,Universitair Medisch Centrum Groningen,2022,141
In 2022 ontving Aminoverse B.V. €408.300 van RVO via 'Eurostars'. #Subsidies #RVO #Aminoverse,publiek,Aminoverse B.V.,2022,93
Via RVO ontving ONWARD Medical N.V. in 2022 €500.000 voor 'Eurostars'. #Subsidies #RVO #OnwardMedical,publiek,ONWARD Medical N.V.,2022,101
Met behulp van 'Warmtenetten Investeringssubsidie (WIS)' ontving Energiebedrijf Ketelhuis WG B.V. in 2023 €3.696.000. #Subsidies #RVO,publiek,Energiebedrijf Ketelhuis WG B.V.,2023,133
De inkoopcontracten van Securitas Beveiliging B.V. bij het Rijk vallen boven €25 miljoen. #Overheidsinkoop #SecuritasBeveiliging,inkoop,Securitas Beveiliging B.V.,,128
€233.925.000 werd in 2024 toegekend aan Dienst Justitiële Inrichtingen onder 'DJI - jeugd'. #Subsidies,instrumenten,Dienst Justitiële Inrichtingen,2024,102
In 2022 ontving Stichting Arkin €2.965.577 via 'Inzet team BAS'. #Gemeenten #Amersfoort #Arkin,gemeente,Stichting Arkin,2022,94
In 2024 kwam €2.703.073.000 terecht bij Gemeente Amsterdam dankzij 'Algemene uitkering'. #Subsidies #Amsterdam,instrumenten,Gemeente Amsterdam,2024,110
Siemens Mobility B.V. levert aan de Rijksoverheid met contracten boven €25 miljoen (i&m specifiek). #Overheidsinkoop #SiemensMobility,inkoop,Siemens Mobility B.V.,,133
Financiën gaf in 2022 €33.722.000 uit aan reis- en verblijfskosten. #Overheidsuitgaven #Financien,apparaat,Reis- en verblijfskosten,2022,97
In 2023 kwam €406.788.000 terecht bij Gemeente Nijmegen dankzij 'Algemene uitkering en aanvullende uitkeringen'. #Subsidies #Nijmegen,instrumenten,Gemeente Nijmegen,2023,133
In 2024 werd Stichting Voorbereiding PALLAS-reactor ondersteund met €277.906.000 vanuit 'SUB Medische Isotopen'. #Subsidies,instrumenten,Stichting Voorbereiding PALLAS-reactor,2024,123
ABN AMRO Lease N.V. is leverancier van het COA met contracten boven €1 miljoen. #COA #Asielopvang,coa,ABN AMRO Lease N.V.,,97
Bij het COA heeft Veiligheidsregio Zuid-Limburg contracten boven €10 miljoen voor de regeling 'Vergoeding gemeenten LOCC'. #COA #Asielopvang,coa,Veiligheidsregio Zuid-Limburg,,140
In 2023 ontving Valley Optics B.V. €719.100 via 'Mkb-innovatiestimulering Topsectoren'. #Subsidies #RVO #ValleyOptics,publiek,Valley Optics B.V.,2023,117
Onder 'Algemene uitkering en aanvullende uitkeringen' kreeg Gemeente Dordrecht in 2023 een Bijdrage aan medeoverheden van €281.061.000. #Subsidies #Dordrecht,instrumenten,Gemeente Dordrecht,2023,157
De provincie Friesland betaalde in 2023 €2.119.900 aan Stichting Merk Fryslan onder 'Boekjaarsubsidies 2023 - Merk Fryslân'. #Provincies #Friesland #MerkFryslan,provincie,Stichting Merk Fryslan,2023,160
Met 'Vroegsignalering en opvolging in Oost-Groningen' werd in 2024 €687.922 verstrekt aan Gemeente Oldambt. #Subsidies #ZonMW #Oldambt,publiek,Gemeente Oldambt,2024,134
In 2023 ontving Parnassia B.V. €6.969.261 via 'Beschermd wonen (WMO) en GGZ'. #Gemeenten #DenHaag #Parnassia,gemeente,Parnassia B.V.,2023,108
De inkoopcontracten van Fa. Gebr. Van der Lee bij het Rijk vallen boven €50 miljoen. #Overheidsinkoop,inkoop,Fa. Gebr. Van der Lee,,101
Met 'Cromhoff Versnellen Woningbouw 2023 2024' werd in 2023 €6.182.416 verstrekt aan Gemeente Enschede. #Provincies #Overijssel #Enschede,provincie,Gemeente Enschede,2023,137
Onder 'Algemene uitkering' kreeg Gemeente Assen in 2024 een Bijdrage aan medeoverheden van €166.651.000. #Subsidies #Assen,instrumenten,Gemeente Assen,2024,122
Infrastructuur en Waterstaat gaf in 2023 €138.656.000 uit aan sociale lasten en bijdrage zorgverzekeringswet. #Overheidsuitgaven #IenW,apparaat,Sociale lasten en bijdrage zorgverzekeringswet,2023,134
Met '430.I Onderwijsbeleid' werd in 2024 €2.417.886 verstrekt aan Gro-up Kinderopvang B.V.. #Gemeenten #DenHaag #GroupKinderopvang,gemeente,Gro-up Kinderopvang B.V.,2024,130
N.V. Besix S.A. heeft inkoopcontracten boven €100 miljoen bij de Rijksoverheid voor 'i&m specifiek'. #Overheidsinkoop,inkoop,N.V. Besix S.A.,,117
Dankzij 'Sterke Schoolleider' kreeg Stichting Zonova in 2024 €4.424.097. #Gemeenten #Amsterdam #Zonova,gemeente,Stichting Zonova,2024,102
In 2022 was de kostenpost 'inrichting gebouwen' bij Infrastructuur en Waterstaat: €26.164.000. #Overheidsuitgaven #IenW,apparaat,Inrichting gebouwen,2022,119
Bij het COA heeft Lmproven B.V. contracten boven €1 miljoen voor de regeling 'Externen (geen uitzendkrachten)'. #COA #Asielopvang #Lmproven,coa,Lmproven B.V.,,139
In 2022 kwam €3.144.321 terecht bij Gemeente Deventer dankzij 'Flexpool Deventer Versnellen Woningbouw'. #Provincies #Overijssel #Deventer,provincie,Gemeente Deventer,2022,138
"Defensie besteedde in 2024 €3.155.099.000 aan de post 'salaris, vakantie- en eindejaarsuitkering'. #Overheidsuitgaven #Defensie",apparaat,"Salaris, vakantie- en eindejaarsuitkering",2024,127
In 2023 kwam €549.405.000 terecht bij Erasmus Universiteit Rotterdam dankzij 'Onderwijsdeel wo'. #Subsidies,instrumenten,Erasmus Universiteit Rotterdam,2023,107
Biosynex SWISS SA levert aan de Rijksoverheid met contracten boven €50 miljoen (uitbesteden overig). #Overheidsinkoop,inkoop,Biosynex SWISS SA,,117
Met behulp van 'Reisvoorziening gift (R)' ontving NS Reizigers B.V. in 2023 €744.617.000. #Subsidies #NsReizigers,instrumenten,NS Reizigers B.V.,2023,113
Met behulp van 'Reisvoorziening bijdrage aan vervoersbedrijven (R)' ontving NS-Reizigers (NS) in 2022 €612.016.000. #Subsidies #Nsreizigersns,instrumenten,NS-Reizigers (NS),2022,141
€2.487.981 werd in 2022 toegekend aan Stichting Combiwel voor Kinderen onder 'Spelinlopen Zuid en West'. #Gemeenten #Amsterdam,gemeente,Stichting Combiwel voor Kinderen,2022,126
Vanuit de gemeente Amsterdam ging in 2023 €3.179.116 naar Stichting Muziekgebouw aan 't IJ voor 'Activiteiten Muziekgebouw aan 't IJ 2023'. #Gemeenten #Amsterdam,gemeente,Stichting Muziekgebouw aan 't IJ,2023,161
KWS Infra Sas van Gent heeft inkoopcontracten boven €25 miljoen bij de Rijksoverheid voor 'i&m specifiek'. #Overheidsinkoop,inkoop,KWS Infra Sas van Gent,,123
De provincie Friesland betaalde in 2023 €2.910.000 aan Stifling Fryske Akademy onder 'Boekjaarsubsidies 2023 - Stichting Fryske Akademy'. #Provincies #Friesland,provincie,Stifling Fryske Akademy,2023,160
In 2023 kwam €212.368.000 terecht bij Provincie Fryslân dankzij 'Algemene uitkering'. #Subsidies #Fryslân,instrumenten,Provincie Fryslân,2023,105
Pfizer B.V. levert aan de Rijksoverheid met contracten boven €25 miljoen (vws specifiek). #Overheidsinkoop #Pfizer,inkoop,Pfizer B.V.,,114
PoortCentraal B.V. heeft inkoopcontracten boven €150 miljoen bij de Rijksoverheid voor 'gebruik en onderhoud gebouw en terreinen'. #Overheidsinkoop #Poortcentraal,inkoop,PoortCentraal B.V.,,162
€4.049.560 werd in 2024 toegekend aan B&A WMO Diensten B.V. onder 'Buurtambassadeurs Waterlandpleinbuurt 2024 (Noord)'. #Gemeenten #Amsterdam,gemeente,B&A WMO Diensten B.V.,2024,141
Infrastructuur en Waterstaat gaf in 2023 €23.798.000 uit aan studie en opleiding. #Overheidsuitgaven #IenW,apparaat,Studie en opleiding,2023,106
Vanuit RVO ging in 2022 €3.870.408 naar Aanvrager geen rechtspersoon voor 'Mkb-innovatiestimulering Topsectoren'. #Subsidies #RVO,publiek,Aanvrager geen rechtspersoon,2022,129
Het COA koopt bij Slaapschepen Accommodations BV in de prijsklasse boven €1 miljoen voor 'Contract-OH. Overig'. #COA #Asielopvang,coa,Slaapschepen Accommodations BV,,129
Stichting Pro Persona Holding levert aan de Rijksoverheid met contracten boven €50 miljoen (v&j specifiek). #Overheidsinkoop,inkoop,Stichting Pro Persona Holding,,124
In 2022 kwam €6.240.623 terecht bij Parnassia Groep B.V dankzij 'Beschermd wonen en GGZ (ZIN)'. #Gemeenten #DenHaag #ParnassiaGroep,gemeente,Parnassia Groep B.V,2022,131
De inkoopcontracten van CED Nederland B.V. bij het Rijk vallen boven €25 miljoen. #Overheidsinkoop #CedNederland,inkoop,CED Nederland B.V.,,112
Onder 'Ondersteuning geneeskundig onderwijs en onderzoek' kreeg Interne overboeking in 2022 een Bekostiging van €787.747.000. #Subsidies #InterneOverboeking,instrumenten,Interne overboeking,2022,156
De inkoopcontracten van Heijmans Infra bij het Rijk vallen boven €50 miljoen. #Overheidsinkoop #HeijmansInfra,inkoop,Heijmans Infra,,109
In 2023 ontving HVC Warmte B.V. €22.848.000 via 'Warmtenetten Investeringssubsidie (WIS)'. #Subsidies #RVO #HvcWarmte,publiek,HVC Warmte B.V.,2023,117
Centralpoint Nijmegen B.V. heeft inkoopcontracten boven €25 miljoen bij de Rijksoverheid voor 'aanschaf hardware'. #Overheidsinkoop #CentralpointNijmegen,inkoop,Centralpoint Nijmegen B.V.,,153
RVO keerde in 2022 €292.201.695 uit aan Air Liquide Industrie B.V. voor 'IPCEI Waterstof'. #Subsidies #RVO,publiek,Air Liquide Industrie B.V.,2022,106
Met behulp van 'Aanvraag Collectieve MaDi 2023 voor stadsdeel West' ontving Stichting Combiwel Buurtteams in 2023 €15.547.070. #Gemeenten #Amsterdam #CombiwelBuurtteams,gemeente,Stichting Combiwel Buurtteams,2023,168
Bij het COA heeft Brummelhuis Notarissen contracten boven €5 miljoen voor de regeling 'Afkoopsommen huurpanden'. #COA #Asielopvang #BrummelhuisNotarissen,coa,Brummelhuis Notarissen,,153
Vanuit de gemeente Den Haag ging in 2024 €7.266.474 naar Parnassia B.V. voor '681.J Beschermd wonen (WMO) en GGZ'. #Gemeenten #DenHaag #Parnassia,gemeente,Parnassia B.V.,2024,145
Rijksvastgoedbedrijf is leverancier van het COA met contracten boven €1 miljoen. #COA #Asielopvang #Rijksvastgoedbedrijf,coa,Rijksvastgoedbedrijf,,120
Bij het COA heeft Meetingselect BV contracten boven €1 miljoen voor de regeling 'Pensionkosten'. #COA #Asielopvang #Meetingselect,coa,Meetingselect BV,,129
Het COA koopt bij Hectas Facility Services C.V. in de prijsklasse boven €1 miljoen voor 'Schoonmaakdienst'. #COA #Asielopvang,coa,Hectas Facility Services C.V.,,125
In 2023 kwam €6.185.000 terecht bij Stichting Deltares dankzij 'Projectsubsidies 2023 - FRESHEM-NL'. #Provincies #Friesland #Deltares,provincie,Stichting Deltares,2023,133
Aan vervoer- en verblijfskosten besteedde Financiën in 2023 €38.449.000. #Overheidsuitgaven #Financien,apparaat,Vervoer- en verblijfskosten,2023,102
Het COA koopt bij VOB Velsen B.V. in de prijsklasse boven €1 miljoen voor 'Contracthuren AZC'. #COA #Asielopvang #VobVelsen,coa,VOB Velsen B.V.,,123
In 2023 was de kostenpost 'verbruik van energie en water overig' bij Defensie: €176.351.000. #Overheidsuitgaven #Defensie,apparaat,Verbruik van energie en water overig,2023,121
ZonMW keerde in 2024 €5.696.575 uit aan Biomarker Bay B.V. voor 'G² Solutions'. #Subsidies #ZonMW #BiomarkerBay,publiek,Biomarker Bay B.V.,2024,111
Dankzij 'RB VERMOGENSTEK OF' kreeg Sociale Verzekeringsbank in 2022 €17.612.000.000. #Subsidies #SocialeVerzekeringsbank,instrumenten,Sociale Verzekeringsbank,2022,120
Met 'Cultural Encounters' werd in 2022 €830.080 verstrekt aan JenM Group B.V.. #Subsidies #ZonMW #JenmGroup,publiek,JenM Group B.V.,2022,107
Met 'Steunpunt Huiselijk Geweld' werd in 2023 €8.114.000 verstrekt aan Stichting Jeugdbescherming Noord/Drenthe. #Gemeenten #Groningen,gemeente,Stichting Jeugdbescherming Noord/Drenthe,2023,134
Met 'Beeldende kunst' werd in 2023 €4.656.116 verstrekt aan Groninger Museum. #Gemeenten #Groningen #GroningerMuseum,gemeente,Groninger Museum,2023,116
De contracten van Circle8 (MSP) bij het COA vallen boven €1 miljoen. Regeling: Externen (geen uitzendkrachten). #COA #Asielopvang #Circle8msp,coa,Circle8 (MSP),,141
"De post 'soc.lstn/bijdr zvw' bij Ministerie van Volksgezondheid, Welzijn en Sport bedroeg in 2024 €76.078.000. #Overheidsuitgaven #VWS",apparaat,SOC.LSTN/BIJDR ZVW,2024,134
"Gemeente GD Doetinchem levert aan het COA met contracten boven €1 miljoen, regeling: Vergoeding gemeenten LOCC. #COA #Asielopvang #GdDoetinchem",coa,Gemeente GD Doetinchem,,143
"De Jong Zuurmond Infrabeheer, Ond.&Serv. B.V. levert aan de Rijksoverheid met contracten boven €25 miljoen (i&m specifiek). #Overheidsinkoop",inkoop,"De Jong Zuurmond Infrabeheer, Ond.&Serv. B.V.",,140
Klein Units Projecten B.V. levert aan de Rijksoverheid met contracten boven €25 miljoen (gebruik en onderhoud gebouw en terreinen). #Overheidsinkoop,inkoop,Klein Units Projecten B.V.,,148
De contracten van Loyens Loeft bij het COA vallen boven €5 miljoen. Regeling: Aankoop permanente gebouwen. #COA #Asielopvang #LoyensLoeft,coa,Loyens Loeft,,137
RVO keerde in 2023 €931.937 uit aan Warmtebedrijf Ede B.V voor 'Warmtenetten Investeringssubsidie (WIS)'. #Subsidies #RVO #WarmtebedrijfEde,publiek,Warmtebedrijf Ede B.V,2023,139
Vanuit ZonMW ging in 2024 €400.000 naar Mijzo voor 'Transmurale Zorgnetwerk West Brabant oost'. #Subsidies #ZonMW #Mijzo,publiek,Mijzo,2024,120
De inkoopcontracten van Boskalis Nederland B.V. bij het Rijk vallen boven €50 miljoen. #Overheidsinkoop #BoskalisNederland,inkoop,Boskalis Nederland B.V.,,122
De post 'bijdrage sso ssc-ict (bzk)' bij Buitenlandse Zaken bedroeg in 2024 €120.707.000. #Overheidsuitgaven #BuZa #ICT,apparaat,Bijdrage SSO SSC-ICT (BZK),2024,119
Met behulp van 'Eurostars' ontving Amsterdam Scientific Instruments in 2022 €444.554. #Subsidies #RVO,publiek,Amsterdam Scientific Instruments,2022,101
De inkoopcontracten van Compass Infrastructuur Nederland (CIN) B.V. bij het Rijk vallen boven €25 miljoen. #Overheidsinkoop,inkoop,Compass Infrastructuur Nederland (CIN) B.V.,,123
Bij het COA heeft Gemeente Dongen contracten boven €5 miljoen voor de regeling 'Vergoeding gemeenten LOCC'. #COA #Asielopvang #Dongen,coa,Gemeente Dongen,,133
€959.636 werd in 2024 toegekend aan RDOG Hollands Midden onder 'Actief in het groene hart van Boskoop Noord'. #Subsidies #ZonMW,publiek,RDOG Hollands Midden,2024,127
"In 2023 gaf Defensie €4.026.365.000 uit aan salaris, vakantie en eindejaarsuitkering. #Overheidsuitgaven #Defensie",apparaat,"Salaris, vakantie en eindejaarsuitkering",2023,114
Siemens Healthineers Nederland B.V. levert aan de Rijksoverheid met contracten boven €25 miljoen (vws specifiek). #Overheidsinkoop,inkoop,Siemens Healthineers Nederland B.V.,,130
In 2023 ontving Serendipity BV €425.800 van RVO via 'Eurostars'. #Subsidies #RVO #Serendipity,publiek,Serendipity BV,2023,93
In 2022 ontving AgriData Innovations b.v. €498.206 van RVO via 'Eurostars'. #Subsidies #RVO #AgridataInnovations,publiek,AgriData Innovations b.v.,2022,112
In 2024 ontving Kwintes €9.491.229 van de gemeente Amersfoort via 'doorstroomwoningen'. #Gemeenten #Amersfoort #Kwintes,gemeente,Kwintes,2024,119
Economische zaken en Klimaat gaf in 2023 €26.742.000 uit aan advisering en eventueel explorerend onderzoek. #Overheidsuitgaven #EZK,apparaat,Advisering en eventueel explorerend onderzoek,2023,131
Via ZonMW ontving Gemeente Groningen/DMO in 2024 €3.871.716 voor 'Groningen Dementievriendelijk'. #Subsidies #ZonMW #Groningendmo,publiek,Gemeente Groningen/DMO,2024,129
De gemeente Haarlem keerde in 2022 €3.513.605 uit aan Jeugdgezondheidszorg Kennemerland voor '2022 Jeugdgezondheidszorg 0-4 jaar'. #Gemeenten #Haarlem,gemeente,Jeugdgezondheidszorg Kennemerland,2022,150
In 2023 ontving Stichting Rijnbrink Holding €5.632.000 via 'Ondersteuning Bibliotheekwerk In Overijssel'. #Provincies #Overijssel #RijnbrinkHolding,provincie,Stichting Rijnbrink Holding,2023,147
De gemeente Den Haag keerde in 2023 €4.532.712 uit aan Stichting Christelijk Onderwijs Haaglanden voor 'Onderwijsachterstandenbeleid en taal'. #Gemeenten #DenHaag,gemeente,Stichting Christelijk Onderwijs Haaglanden,2023,162
In 2023 kwam €5.154.930 terecht bij Maatschap dankzij 'Circulaire mestverwerking - ZLD-UP'. #Provincies #Gelderland #Maatschap,provincie,Maatschap,2023,126
Leaseplan Nederland N.V. levert aan de Rijksoverheid met contracten boven €25 miljoen (wagenpark). #Overheidsinkoop #LeaseplanNederland,inkoop,Leaseplan Nederland N.V.,,135
In 2022 kwam €3.016.885 terecht bij Fryske Akademy dankzij 'Boekjaarsubsidies 2022 - Fryske Akademy'. #Provincies #Friesland #FryskeAkademy,provincie,Fryske Akademy,2022,139
Vanuit NWO ging in 2024 €1.630.000 naar Tilburg University voor 'AI for Robotics Workshop'. #Subsidies #NWO #TilburgUniversity,publiek,Tilburg University,2024,126
Dankzij 'IPCEI Waterstof' kreeg Engie Energie Nederland N.V. in 2022 €113.090.000. #Subsidies #RVO,publiek,Engie Energie Nederland N.V.,2022,98
LnterSettle B.V. is leverancier van het COA met contracten boven €1 miljoen. #COA #Asielopvang #Lntersettle,coa,LnterSettle B.V.,,107
In 2023 was de kostenpost 'bhv middelen' bij Defensie: €37.710.000. #Overheidsuitgaven #Defensie,apparaat,BHV middelen,2023,96
Met behulp van 'Bijdrage CBS (vanaf 2020)' ontving Centraal Bureau voor de Statistiek in 2022 €186.892.000. #Subsidies,instrumenten,Centraal Bureau voor de Statistiek,2022,118
In 2022 ontving Stichting Openbaar Onderwijs Noord €2.353.285 van de gemeente Amsterdam via 'fietsstimulering ouders/kinderen'. #Gemeenten #Amsterdam,gemeente,Stichting Openbaar Onderwijs Noord,2022,149
In 2023 kwam €934.773 terecht bij Elitac Systems BV dankzij 'Eurostars'. #Subsidies #RVO #ElitacSystems,publiek,Elitac Systems BV,2023,103
Dankzij 'DJI - jeugd' kreeg Dienst Justitiële Inrichtingen in 2022 €187.479.000. #Subsidies,instrumenten,Dienst Justitiële Inrichtingen,2022,91
€279.916.000 werd in 2024 toegekend aan Gemeente Zoetermeer onder 'Algemene uitkering'. #Subsidies #Zoetermeer,instrumenten,Gemeente Zoetermeer,2024,110
€4.842.949 werd in 2024 toegekend aan Gemeente Almelo onder 'Versnelling Sleutelprojecten Gemeente Almelo 2024'. #Provincies #Overijssel #Almelo,provincie,Gemeente Almelo,2024,144
Het COA koopt bij ROi Mixed FleetAG in de prijsklasse boven €1 miljoen voor 'Contract-OH. Overig'. #COA #Asielopvang,coa,ROi Mixed FleetAG,,116
In 2024 kwam €202.391.000 terecht bij Gemeente Lelystad dankzij 'Algemene uitkering'. #Subsidies #Lelystad,instrumenten,Gemeente Lelystad,2024,106
De provincie Overijssel betaalde in 2022 €5.419.425 aan Gemeente Zwolle onder 'Klimaatadaptieve Voortuinen Zwollenaren'. #Provincies #Overijssel #Zwolle,provincie,Gemeente Zwolle,2022,152
Met 'Aanvraag incidentele subsidie inzet sloterdijken' werd in 2023 €9.208.383 verstrekt aan Stichting perMens. #Gemeenten #Amsterdam #Permens,gemeente,Stichting perMens,2023,142
Het COA koopt bij Gooiland B.V. in de prijsklasse boven €1 miljoen voor 'Voeding'. #COA #Asielopvang #Gooiland,coa,Gooiland B.V.,,110
Strukton Worksphere B.V. levert aan de Rijksoverheid met contracten boven €50 miljoen (gebruik en onderhoud gebouw en terreinen). #Overheidsinkoop #StruktonWorksphere,inkoop,Strukton Worksphere B.V.,,166
In 2022 ontving Gemeente Nunspeet €3.519.110 van de provincie Gelderland via 'Gelders Winterfonds - Gelders Winterfonds'. #Provincies #Gelderland #Nunspeet,provincie,Gemeente Nunspeet,2022,155
RVO keerde in 2022 €499.875 uit aan LeydenJar Technologies BV voor 'Eurostars'. #Subsidies #RVO #LeydenjarTechnologies,publiek,LeydenJar Technologies BV,2022,118
Defensie besteedde in 2024 €78.539.000 aan de post 'onkostenvergoedingen waaronder woon-werkverkeer'. #Overheidsuitgaven #Defensie,apparaat,Onkostenvergoedingen waaronder Woon-werkverkeer,2024,130
Economische zaken en Klimaat besteedde in 2023 €79.373.000 aan de post 'bijdrage sso'. #Overheidsuitgaven #EZK,apparaat,Bijdrage SSO,2023,110
€1.421.337 werd in 2023 toegekend aan St. Maxima Medisch Centrum onder 'Building A BRIDGE: Academic nurses who'. #Subsidies #ZonMW,publiek,St. Maxima Medisch Centrum,2023,130
Dankzij 'Algemene wet bestuursrecht sub c - Werkplan 2024' kreeg Philharmonie Zuidnederland in 2024 €9.334.185. #Provincies #Limburg,provincie,Philharmonie Zuidnederland,2024,132
Justitie en Veiligheid gaf in 2024 €25.460.000 uit aan reis- en verblijfkosten. #Overheidsuitgaven #JenV,apparaat,Reis- en Verblijfkosten,2024,104
In 2023 was de kostenpost 'bijdrage aan sso' bij Infrastructuur en Waterstaat: €157.783.000. #Overheidsuitgaven #IenW,apparaat,Bijdrage aan SSO,2023,117
In 2023 ontving Provincie Drenthe €10.344.843 van de provincie Overijssel via 'Deltaprogramma Zoetwater Regio Oost 2022-2027'. #Provincies #Overijssel #Drenthe,provincie,Provincie Drenthe,2023,159
Roche Diagnostics Nederland B.V. heeft inkoopcontracten boven €50 miljoen bij de Rijksoverheid voor 'vws specifiek'. #Overheidsinkoop,inkoop,Roche Diagnostics Nederland B.V.,,133
Merck Sharp & Dohme B.V. levert aan de Rijksoverheid met contracten boven €25 miljoen (vws specifiek). #Overheidsinkoop,inkoop,Merck Sharp & Dohme B.V.,,119
€181.656.000 werd in 2023 toegekend aan Centraal bureau voor de statistiek onder 'Bijdrage CBS (vanaf 2020)'. #Subsidies,instrumenten,Centraal bureau voor de statistiek,2023,120
Dankzij 'Circular Manufacturing Program' kreeg Universiteit Twente in 2024 €2.595.750. #Provincies #Overijssel #UniversiteitTwente,provincie,Universiteit Twente,2024,130
Dutch Offshore Energy Solution is leverancier van het COA met contracten boven €1 miljoen. #COA #Asielopvang,coa,Dutch Offshore Energy Solution,,108
In 2023 ontving Gemeente Amersfoort €314.839.000 via 'Algemene uitkering en aanvullende uitkeringen'. #Subsidies #Amersfoort,instrumenten,Gemeente Amersfoort,2023,124
Via ZonMW ontving Stichting Life Goals in 2022 €728.268 voor 'Opschaling Set your Life Goal'. #Subsidies #ZonMW #LifeGoals,publiek,Stichting Life Goals,2022,122
Met 'Algemene uitkering' werd in 2024 €173.275.000 verstrekt aan Gemeente Dijk en Waard. #Subsidies,instrumenten,Gemeente Dijk en Waard,2024,99
SPIE Nederland B.V. levert aan de Rijksoverheid met contracten boven €50 miljoen (i&m specifiek). #Overheidsinkoop #SpieNederland,inkoop,SPIE Nederland B.V.,,129
Via RVO ontving Odd.Bot in 2022 €500.000 voor 'Eurostars'. #Subsidies #RVO #Oddbot,publiek,Odd.Bot,2022,82
Mobilis B.V. heeft inkoopcontracten boven €25 miljoen bij de Rijksoverheid voor 'i&m specifiek'. #Overheidsinkoop #Mobilis,inkoop,Mobilis B.V.,,122
Aan bzk specifiek besteedde Koninkrijksrelaties in 2024 €32.429.000. #Overheidsuitgaven,apparaat,BZK specifiek,2024,87
"€6.779.472 werd in 2023 toegekend aan ""Kessler Stichting"" onder 'Maatschappelijke- en vrouwenopvang (WMO)'. #Gemeenten #DenHaag #kesslerStichting",gemeente,"""Kessler Stichting""",2023,145
Met 'Onderwijsdeel hbo' werd in 2022 €201.731.000 verstrekt aan Stichting NHL Stenden Hogeschool. #Subsidies,instrumenten,Stichting NHL Stenden Hogeschool,2022,108
Strukton Civiel West B.V. levert aan de Rijksoverheid met contracten boven €25 miljoen (i&m specifiek). #Overheidsinkoop,inkoop,Strukton Civiel West B.V.,,120
Vanuit de gemeente Amsterdam ging in 2024 €13.669.046 naar Stichting Nationale Opera & Ballet voor 'Activiteiten Nationale Opera & Ballet 2024'. #Gemeenten #Amsterdam,gemeente,Stichting Nationale Opera & Ballet,2024,166
GGZ Dennenweg heeft inkoopcontracten boven €25 miljoen bij de Rijksoverheid voor 'v&j specifiek'. #Overheidsinkoop #GgzDennenweg,inkoop,GGZ Dennenweg,,128
In 2023 ontving Stichting Amare €6.800.444 via 'Cultuur'. #Gemeenten #DenHaag #Amare,gemeente,Stichting Amare,2023,84
De inkoopcontracten van CGI Nederland B.V. bij het Rijk vallen boven €25 miljoen. #Overheidsinkoop #CgiNederland,inkoop,CGI Nederland B.V.,,112
Vanuit de gemeente Groningen ging in 2022 €9.763.692 naar Groninger Forum voor 'Accommodatienota huur of hypotheeklasten cat IA'. #Gemeenten #Groningen #GroningerForum,gemeente,Groninger Forum,2022,167
Bij het COA heeft Hotel Ara B.V. contracten boven €5 miljoen voor de regeling 'Contracthuren AZC'. #COA #Asielopvang #HotelAra,coa,Hotel Ara B.V.,,126
In 2024 ontving Belastingdienst/Toeslagen €5.096.982.000 via 'Uitkeringslasten WKB'. #Subsidies #Belastingdiensttoeslagen,instrumenten,Belastingdienst/Toeslagen,2024,121
De contracten van INLIA- Projecten bij het COA vallen boven €5 miljoen. Regeling: Contracthuren AZC. #COA #Asielopvang #InliaProjecten,coa,INLIA- Projecten,,134
Dankzij 'Stedelijk onderwijsbeleid en projecten' kreeg ROC Mondriaan in 2022 €11.247.719. #Gemeenten #DenHaag #RocMondriaan,gemeente,ROC Mondriaan,2022,123
Met behulp van 'Chance 4 Talentz' ontving Stichting Change to Influence in 2022 €625.910. #Subsidies #ZonMW,publiek,Stichting Change to Influence,2022,107
"In 2024 was de kostenpost 'salaris, individueel keuzebudget' bij Financiën: €2.568.645.000. #Overheidsuitgaven #Financien",apparaat,"Salaris, Individueel Keuzebudget",2024,121
In 2023 kwam €455.766.000 terecht bij Universiteit Maastricht dankzij 'Onderwijsdeel wo'. #Subsidies #UniversiteitMaastricht,instrumenten,Universiteit Maastricht,2023,124
Met 'Herinrichting Europastraat' werd in 2023 €6.249.349 verstrekt aan Gemeente Borne. #Provincies #Overijssel #Borne,provincie,Gemeente Borne,2023,117
De inkoopcontracten van DURA VERMEER BETON- EN WATERBOUW bij het Rijk vallen boven €25 miljoen. #Overheidsinkoop,inkoop,DURA VERMEER BETON- EN WATERBOUW,,112
De gemeente Den Haag keerde in 2023 €10.376.522 uit aan Stichting Lucas Onderwijs voor 'Onderwijsachterstandenbeleid en taal'. #Gemeenten #DenHaag #LucasOnderwijs,gemeente,Stichting Lucas Onderwijs,2023,162
De post 'reis- en verblijfskosten' bij Buitenlandse Zaken bedroeg in 2022 €21.925.000. #Overheidsuitgaven #BuZa,apparaat,Reis- en verblijfskosten,2022,111
Aan schoonmaakkosten besteedde Financiën in 2022 €20.113.000. #Overheidsuitgaven #Financien,apparaat,Schoonmaakkosten,2022,91
In 2024 ontving Staatsbosbeheer €26.965.187 via 'Subs. natuur- en landschapsbeheer SVNL 2024-2029'. #Provincies #Zeeland #Staatsbosbeheer,provincie,Staatsbosbeheer,2024,137
Stichting Derdengelden WWplus heeft inkoopcontracten boven €25 miljoen bij de Rijksoverheid voor 'dienstspecifiek overig'. #Overheidsinkoop #DerdengeldenWwplus,inkoop,Stichting Derdengelden WWplus,,159
Dankzij 'Organiseren en monitoren van groepsleerprocessen' kreeg GG&GD Zeeland jeugdgezondheidszorg in 2024 €431.462. #Subsidies #ZonMW,publiek,GG&GD Zeeland jeugdgezondheidszorg,2024,135
"€2.040.000 werd in 2022 toegekend aan Zuyd Hogeschool onder 'Algemene wet bestuursrecht, sub c - Lime 2.0'. #Provincies #Limburg #ZuydHogeschool",provincie,Zuyd Hogeschool,2022,144
In 2023 ontving Waterschapshuis waterschap Vechtstromen €6.395.000 via 'Landelijk Gebied - Nieuwe Drostendiep'. #Provincies #Drenthe,provincie,Waterschapshuis waterschap Vechtstromen,2023,132
In 2024 kwam €1.105.198 terecht bij Gemeente Deventer dankzij 'Gezond leven en bewegen in Colmschate Zuid'. #Subsidies #ZonMW #Deventer,publiek,Gemeente Deventer,2024,135
Met behulp van '‘Groningen Human Capital for LIFE Sciences’' ontving Healthy Ageing Business Coöperatie in 2024 €747.494. #Subsidies #ZonMW,publiek,Healthy Ageing Business Coöperatie,2024,139
De contracten van Global Talk Netherlands bij het COA vallen boven €5 miljoen. Regeling: Tolken en vertaaldiensten. #COA #Asielopvang,coa,Global Talk Netherlands,,133
Dankzij 'Eurostars' kreeg 3DUniversum BV in 2022 €497.618. #Subsidies #RVO #3duniversum,publiek,3DUniversum BV,2022,87
In 2022 gaf Justitie en Veiligheid €22.423.000 uit aan organisatie- en formatieadvies. #Overheidsuitgaven #JenV,apparaat,Organisatie- en formatieadvies,2022,111
€182.831.000 werd in 2022 toegekend aan Provincie Groningen onder 'Algemene uitkering'. #Subsidies #Groningen,instrumenten,Provincie Groningen,2022,109
De post 'eindheffing loonbelasting' bij Buitenlandse Zaken bedroeg in 2024 €20.274.000. #Overheidsuitgaven #BuZa,apparaat,Eindheffing loonbelasting,2024,112
Het COA koopt bij Dienst Justitiele Inrichtingen in de prijsklasse boven €1 miljoen voor 'Extra beveiligingsuren'. #COA #Asielopvang,coa,Dienst Justitiele Inrichtingen,,132
Vanberkel Professionals B.V. heeft inkoopcontracten boven €50 miljoen bij de Rijksoverheid voor 'uitbesteden juridische adviesopdrachten'. #Overheidsinkoop #VanberkelProfessionals,inkoop,Vanberkel Professionals B.V.,,179
De contracten van Menzis COA administratie b.v. bij het COA vallen boven €1 miljoen. Regeling: Medische dienstverl.. #COA #Asielopvang,coa,Menzis COA administratie b.v.,,134
De contracten van Adapteo B.V bij het COA vallen boven €1 miljoen. Regeling: Contracthuren AZC. #COA #Asielopvang #Adapteo,coa,Adapteo B.V,,122
Aan taxi- en groepsvervoer besteedde Defensie in 2023 €75.146.000. #Overheidsuitgaven #Defensie,apparaat,Taxi- en groepsvervoer,2023,95
De provincie Overijssel keerde in 2024 €5.662.459 uit aan Gemeente Enschede voor 'Vraag En Aanbod Water In Balans'. #Provincies #Overijssel #Enschede,provincie,Gemeente Enschede,2024,149
De provincie Friesland keerde in 2023 €11.335.309 uit aan Natuurmonumenten voor 'Duurzaam weidevogelgrasland - Natuurmonumenten'. #Provincies #Friesland #Natuurmonumenten,provincie,Natuurmonumenten,2023,170
Met 'Soc. premies Getto uitkeringen' werd in 2023 €185.100.000 verstrekt aan Sociale Verzekeringsbank. #Subsidies #SocialeVerzekeringsbank,instrumenten,Sociale Verzekeringsbank,2023,138
De inkoopcontracten van Eneco Zakelijk bij het Rijk vallen boven €50 miljoen. #Overheidsinkoop #EnecoZakelijk,inkoop,Eneco Zakelijk,,109
In 2023 kwam €204.858.000 terecht bij Stichting Christelijke Hogeschool Windesheim dankzij 'Onderwijsdeel hbo'. #Subsidies,instrumenten,Stichting Christelijke Hogeschool Windesheim,2023,122
Bij het COA heeft COMPAREX Nederland B.V. contracten boven €1 miljoen voor de regeling 'Software'. #COA #Asielopvang #ComparexNederland,coa,COMPAREX Nederland B.V.,,135
Het COA koopt bij St.Videma in de prijsklasse boven €1 miljoen voor 'Auteursrechtenvergoeding'. #COA #Asielopvang #Stvidema,coa,St.Videma,,123
"A&O hostel and hotel Amsterdam levert aan het COA met contracten boven €1 miljoen, regeling: Voeding. #COA #Asielopvang",coa,A&O hostel and hotel Amsterdam,,119
Dankzij 'Algemene uitkering' kreeg Gemeente Venlo in 2024 €241.664.000. #Subsidies #Venlo,instrumenten,Gemeente Venlo,2024,89
Defensie besteedde in 2023 €100.701.000 aan de post 'afdracht werkkostenregeling'. #Overheidsuitgaven #Defensie,apparaat,Afdracht werkkostenregeling,2023,111
In 2022 was de kostenpost 'inrichting gebouwen' bij Financiën: €31.479.000. #Overheidsuitgaven #Financien,apparaat,Inrichting gebouwen,2022,105
De inkoopcontracten van Pompestichting bij het Rijk vallen boven €50 miljoen. #Overheidsinkoop #Pompestichting,inkoop,Pompestichting,,110
Financiën gaf in 2024 €709.699.000 uit aan sociale lasten en bijdrage zorgverzekeringswet. #Overheidsuitgaven #Financien,apparaat,Sociale lasten en bijdrage zorgverzekeringswet,2024,120
€268.959.000 werd in 2024 toegekend aan Gemeente Haarlemmermeer onder 'Algemene uitkering'. #Subsidies #Haarlemmermeer,instrumenten,Gemeente Haarlemmermeer,2024,118
"In 2023 was de kostenpost 'toelagen, toeslagen en vergoedingen' bij Financiën: €77.175.000. #Overheidsuitgaven #Financien",apparaat,"Toelagen, toeslagen en vergoedingen",2023,121
Bij het COA heeft Het Nederlandse Rode Kruis contracten boven €1 miljoen voor de regeling 'Externen (geen uitzendkrachten)'. #COA #Asielopvang,coa,Het Nederlandse Rode Kruis,,142
Stichting De Forensische Zorgspecialisten levert aan de Rijksoverheid met contracten boven €25 miljoen (v&j specifiek). #Overheidsinkoop,inkoop,Stichting De Forensische Zorgspecialisten,,136
"De post 'beheer, onderhoud programmatuur & software' bij Justitie en Veiligheid bedroeg in 2024 €37.362.000. #Overheidsuitgaven #JenV",apparaat,"Beheer, Onderhoud programmatuur & Software",2024,133
De gemeente Den Haag keerde in 2022 €3.271.002 uit aan Stichting Christelijk Onderwijs Haaglanden SCOH voor 'Onderwijsachterstandenbeleid en taal'. #Gemeenten #DenHaag,gemeente,Stichting Christelijk Onderwijs Haaglanden SCOH,2022,167
Dankzij 'Communicatie Banne (Aanpak Noord)' kreeg Stichting Speeltuinen in Noord in 2024 €2.797.269. #Gemeenten #Amsterdam,gemeente,Stichting Speeltuinen in Noord,2024,122
Bij het COA heeft Secutor Safety & Facility contracten boven €1 miljoen voor de regeling 'Extra beveiligingsuren'. #COA #Asielopvang,coa,Secutor Safety & Facility,,132
De post 'soc.lstn/bijdr zvw' bij Sociale Zaken en Werkgelegenheid bedroeg in 2024 €41.273.000. #Overheidsuitgaven #SZW,apparaat,SOC.LSTN/BIJDR ZVW,2024,118
Met behulp van 'Jongeren voor Oekraïne' ontving St. Sportief Besteed Groep in 2022 €1.099.190. #Subsidies #ZonMW,publiek,St. Sportief Besteed Groep,2022,112
€487.575 werd in 2022 toegekend aan Sorama B.V. onder 'Eurostars'. #Subsidies #RVO #Sorama,publiek,Sorama B.V.,2022,90
In 2023 kwam €366.691.000 terecht bij Stichting Hogeschool van Amsterdam dankzij 'Onderwijsdeel hbo'. #Subsidies,instrumenten,Stichting Hogeschool van Amsterdam,2023,112
€842.535 werd in 2022 toegekend aan V&VN Eerstelijnsverpleegkundigen onder 'Kwaliteitsstandaarden Wijkverpleging'. #Subsidies #ZonMW,publiek,V&VN Eerstelijnsverpleegkundigen,2022,132
ZonMW keerde in 2024 €747.645 uit aan Stichting Albeda voor 'Albeda Next x MDT Apothekersassistent'. #Subsidies #ZonMW #Albeda,publiek,Stichting Albeda,2024,126
Philips Nederland B.V. levert aan de Rijksoverheid met contracten boven €25 miljoen (vws specifiek). #Overheidsinkoop #PhilipsNederland,inkoop,Philips Nederland B.V.,,135
"In 2022 was de kostenpost 'toelagen, toeslagen en vergoedingen' bij Infrastructuur en Waterstaat: €46.790.000. #Overheidsuitgaven #IenW",apparaat,"Toelagen, toeslagen en vergoedingen",2022,135
In 2023 ontving Fers €3.518.800 via 'Boekjaarsubsidies 2023 - Fers'. #Provincies #Friesland #Fers,provincie,Fers,2023,97
PoortCentraal B.V. heeft inkoopcontracten boven €25 miljoen bij de Rijksoverheid voor 'verwerven en afstoten'. #Overheidsinkoop #Poortcentraal,inkoop,PoortCentraal B.V.,,142
Munckhof Taxi BV (voorheen 601 is leverancier van het COA met contracten boven €1 miljoen. #COA #Asielopvang,coa,Munckhof Taxi BV (voorheen 601,,108
De inkoopcontracten van Heijmans Utiliteit B.V. bij het Rijk vallen boven €50 miljoen. #Overheidsinkoop #HeijmansUtiliteit,inkoop,Heijmans Utiliteit B.V.,,122
Aan schoonmaak en nuts besteedde Defensie in 2024 €1.694.987.000. #Overheidsuitgaven #Defensie,apparaat,schoonmaak en nuts,2024,94
De post 'uitzendkrachten' bij Financiën bedroeg in 2022 €111.017.000. #Overheidsuitgaven #Financien,apparaat,Uitzendkrachten,2022,99
Dankzij 'AIO' kreeg Sociale Verzekeringsbank in 2024 €455.079.000. #Subsidies #SocialeVerzekeringsbank,instrumenten,Sociale Verzekeringsbank,2024,102
Bij het COA heeft Trigion Beveiliging contracten boven €25 miljoen voor de regeling 'Beveiligingsdiensten'. #COA #Asielopvang #TrigionBeveiliging,coa,Trigion Beveiliging,,145
In 2022 kwam €250.700.000 terecht bij Provincie Utrecht dankzij 'Algemene uitkering'. #Subsidies #Utrecht,instrumenten,Provincie Utrecht,2022,105
DC Sligro levert aan de Rijksoverheid met contracten boven €25 miljoen (consumptieve diensten). #Overheidsinkoop #DcSligro,inkoop,DC Sligro,,122
In 2023 kwam €2.630.450 terecht bij Zeeuws Museum dankzij 'Integrale kostensubs. 2023 Zeeuws Museum'. #Provincies #Zeeland #ZeeuwsMuseum,provincie,Zeeuws Museum,2023,136
De inkoopcontracten van G4S Services bij het Rijk vallen boven €25 miljoen. #Overheidsinkoop #G4sServices,inkoop,G4S Services,,105
Dankzij 'Cultuur en Erfgoed 2024 BJS - Cultuur Oost' kreeg Stichting Cultuur Oost in 2023 €2.459.378. #Provincies #Gelderland #CultuurOost,provincie,Stichting Cultuur Oost,2023,138
Onder 'Onderwijsdeel wo' kreeg Wageningen University in 2022 een Bekostiging van €293.726.000. #Subsidies #WageningenUniversity,instrumenten,Wageningen University,2022,127
De Jong Zuurmond heeft inkoopcontracten boven €25 miljoen bij de Rijksoverheid voor 'i&m specifiek'. #Overheidsinkoop,inkoop,De Jong Zuurmond,,117
In 2024 ontving Nanoworx B.V. €4.445.654 via 'Nanoworx'. #Subsidies #ZonMW #Nanoworx,publiek,Nanoworx B.V.,2024,84
De post 'uitbesteden beleidsadvies' bij Financiën bedroeg in 2023 €23.740.000. #Overheidsuitgaven #Financien,apparaat,Uitbesteden beleidsadvies,2023,108
"Gemeente Assen levert aan het COA met contracten boven €1 miljoen, regeling: Vergoeding gemeenten LOCC. #COA #Asielopvang #Assen",coa,Gemeente Assen,,128
€2.499.745 werd in 2023 toegekend aan Energieco√∂peratie Ketelhuis WG U.A. onder 'KetelhuisWG - duurzaame en betaalbaar warmtenet'. #Gemeenten #Amsterdam,gemeente,Energieco√∂peratie Ketelhuis WG U.A.,2023,153
In 2023 werd Gemeente Apeldoorn ondersteund met €349.325.000 vanuit 'Algemene uitkering en aanvullende uitkeringen'. #Subsidies #Apeldoorn,instrumenten,Gemeente Apeldoorn,2023,138
In 2023 kwam €530.773.000 terecht bij Belastingdienst/Toeslagen dankzij 'Lage-inkomensvoordeel'. #Subsidies #Belastingdiensttoeslagen,instrumenten,Belastingdienst/Toeslagen,2023,133
"Gemeente Horst aan de Maas levert aan het COA met contracten boven €1 miljoen, regeling: Vergoeding gemeenten LOCC. #COA #Asielopvang",coa,Gemeente Horst aan de Maas,,133
Financiën gaf in 2023 €51.624.000 uit aan reis- en verblijfskosten. #Overheidsuitgaven #Financien,apparaat,Reis- en verblijfskosten,2023,97
"Buitenlandse Zaken gaf in 2022 €316.121.000 uit aan salaris, vakantie en eindejaarsuitkering. #Overheidsuitgaven #BuZa",apparaat,"Salaris, vakantie en eindejaarsuitkering",2022,118
SOS International Amsterdam levert aan de Rijksoverheid met contracten boven €25 miljoen (i&m specifiek). #Overheidsinkoop,inkoop,SOS International Amsterdam,,122
In 2024 kwam €14.838.932 terecht bij Stichting Jongleren dankzij '430.I Onderwijsbeleid'. #Gemeenten #DenHaag #Jongleren,gemeente,Stichting Jongleren,2024,120
Dankzij 'Eurostars' kreeg Cellcius B.V. in 2023 €450.542. #Subsidies #RVO #Cellcius,publiek,Cellcius B.V.,2023,83
Marcelis Notaires Associes Srl levert aan de Rijksoverheid met contracten boven €25 miljoen (verwerven en afstoten). #Overheidsinkoop,inkoop,Marcelis Notaires Associes Srl,,133
Vanuit RVO ging in 2023 €469.519 naar Stichting Radboud Universiteit voor 'Eurostars'. #Subsidies #RVO #RadboudUniversiteit,publiek,Stichting Radboud Universiteit,2023,123
Met behulp van 'Musea' ontving Stichting Museon|Omniversum in 2023 €5.362.172. #Gemeenten #DenHaag #Museonomniversum,gemeente,Stichting Museon|Omniversum,2023,116
In 2022 ontving Stichting Merk Fryslan €2.089.870 van de provincie Friesland via 'Projectsubsidies 2021 - Projectplan 2022'. #Provincies #Friesland #MerkFryslan,provincie,Stichting Merk Fryslan,2022,160
Vanuit de gemeente Amersfoort ging in 2023 €3.150.439 naar Stichting Arkin voor 'Inzet bemoeizorg regionaal'. #Gemeenten #Amersfoort #Arkin,gemeente,Stichting Arkin,2023,139
De inkoopcontracten van Eneco B.V. bij het Rijk vallen boven €25 miljoen. #Overheidsinkoop #Eneco,inkoop,Eneco B.V.,,97
In 2024 ontving Gemeente Amersfoort €334.022.000 via 'Algemene uitkering'. #Subsidies #Amersfoort,instrumenten,Gemeente Amersfoort,2024,97
Vanuit RVO ging in 2024 €1.930.081 naar Stg. Nationaal Testcentrum Circulaire Plastics voor 'Subsidie Circular Plastics NL'. #Subsidies #RVO,publiek,Stg. Nationaal Testcentrum Circulaire Plastics,2024,140
Dankzij 'Lokale Woonzorgvisie Steenwijkerland' kreeg Gemeente Steenwijkerland in 2024 €2.530.016. #Provincies #Overijssel #Steenwijkerland,provincie,Gemeente Steenwijkerland,2024,138
Dankzij 'De Waarde(n) van MDT!' kreeg IMC Weekendschool in 2022 €751.732. #Subsidies #ZonMW #ImcWeekendschool,publiek,IMC Weekendschool,2022,109
Met 'Algemene wet bestuursrecht sub c - Werkplan 2024' werd in 2024 €5.371.396 verstrekt aan Stichting Discovery Museum. #Provincies #Limburg #DiscoveryMuseum,provincie,Stichting Discovery Museum,2024,158
In 2022 kwam €202.434.000 terecht bij Gemeente Ede dankzij 'Algemene uitkering'. #Subsidies #Ede,instrumenten,Gemeente Ede,2022,96
"Landbouw, Natuur en Voedselkwaliteit gaf in 2023 €33.625.000 uit aan bijdrage sso. #Overheidsuitgaven #LNV",apparaat,Bijdrage SSO,2023,106
€18.450.000 werd in 2024 toegekend aan Provincie Limburg onder 'Electrificatie Maaslijn - Opwaardering Maaslijn'. #Provincies #Gelderland #Limburg,provincie,Provincie Limburg,2024,146
De inkoopcontracten van Fivoor B.V. bij het Rijk vallen boven €100 miljoen. #Overheidsinkoop #Fivoor,inkoop,Fivoor B.V.,,100
Onder 'UITKERINGSLASTEN WKB' kreeg Belastingdienst/Toeslagen in 2022 een Inkomensoverdrachten van €2.897.452.000. #Subsidies #Belastingdiensttoeslagen,instrumenten,Belastingdienst/Toeslagen,2022,150
Met behulp van 'Cultuur' ontving Stichting Nederlands Dans Theater in 2022 €2.781.056. #Gemeenten #DenHaag,gemeente,Stichting Nederlands Dans Theater,2022,106
De gemeente Amsterdam keerde in 2023 €14.328.632 uit aan Stichting DOCK voor 'Beheer Zuideinde 369 te Amsterdam'. #Gemeenten #Amsterdam #Dock,gemeente,Stichting DOCK,2023,141
Dankzij 'Eurostars' kreeg Delft Circuits B.V. in 2023 €490.770. #Subsidies #RVO #DelftCircuits,publiek,Delft Circuits B.V.,2023,94
Met behulp van 'Algemene uitkering en aanvullende uitkeringen' ontving Gemeente Deventer in 2023 €220.587.000. #Subsidies #Deventer,instrumenten,Gemeente Deventer,2023,131
In 2022 kwam €2.043.357 terecht bij Gemeente Apeldoorn dankzij 'Gelders Winterfonds - Winterfonds Apeldoorn'. #Provincies #Gelderland #Apeldoorn,provincie,Gemeente Apeldoorn,2022,144
Apeldoorn Christiaan Geurtsweg is leverancier van het COA met contracten boven €1 miljoen. #COA #Asielopvang,coa,Apeldoorn Christiaan Geurtsweg,,108
Bij het COA heeft Fletcher Hotel Restaurant Beek contracten boven €5 miljoen voor de regeling 'Faciliteiten externe opvang'. #COA #Asielopvang,coa,Fletcher Hotel Restaurant Beek,,142
Palladium Europe levert aan de Rijksoverheid met contracten boven €25 miljoen (bz specifiek). #Overheidsinkoop #PalladiumEurope,inkoop,Palladium Europe,,127
In 2023 kwam €640.367.000 terecht bij ProRail B.V. dankzij 'Besluit Infrastructuurfonds'. #Subsidies #Prorail,instrumenten,ProRail B.V.,2023,109
Met 'Beter bewegen in Elderveld doen we samen!' werd in 2023 €1.495.818 verstrekt aan Hogeschool van Arnhem en Nijmegen. #Subsidies #ZonMW,publiek,Hogeschool van Arnhem en Nijmegen,2023,138
In 2022 kwam €8.490.214 terecht bij Gemeente Ede dankzij 'Aanleg Agroforestry - Bomen op melkveebedrijf'. #Provincies #Gelderland #Ede,provincie,Gemeente Ede,2022,134
De contracten van Gemeente Boxtel bij het COA vallen boven €5 miljoen. Regeling: Vergoeding gemeenten LOCC. #COA #Asielopvang #Boxtel,coa,Gemeente Boxtel,,133
BAM Wegen Materieel B.V. levert aan de Rijksoverheid met contracten boven €50 miljoen (i&m specifiek). #Overheidsinkoop,inkoop,BAM Wegen Materieel B.V.,,119
Heijmans Infra B.V. levert aan de Rijksoverheid met contracten boven €150 miljoen (i&m specifiek). #Overheidsinkoop #HeijmansInfra,inkoop,Heijmans Infra B.V.,,130
In 2024 ontving Gemeente Hengelo €191.072.000 via 'Algemene uitkering'. #Subsidies #Hengelo,instrumenten,Gemeente Hengelo,2024,91
De gemeente Amsterdam keerde in 2022 €4.269.197 uit aan Stichting Zonova voor 'Ondersteuning directeuren'. #Gemeenten #Amsterdam #Zonova,gemeente,Stichting Zonova,2022,136
In 2024 ontving Stichting Palliatieve Zorg Nederland €870.175 via 'Ontwikkeling richtlijn Perinatale Palliatieve zorg'. #Subsidies #ZonMW,publiek,Stichting Palliatieve Zorg Nederland,2024,137
Dankzij 'Onderwijsdeel wo' kreeg Stichting Katholieke Universiteit Brabant in 2022 €196.901.000. #Subsidies,instrumenten,Stichting Katholieke Universiteit Brabant,2022,107
In 2024 ontving ST Stadsring €3.091.411 via 'budgetbeheer'. #Gemeenten #Amersfoort #StStadsring,gemeente,ST Stadsring,2024,95
De inkoopcontracten van Rasenberg Infra B.V. bij het Rijk vallen boven €25 miljoen. #Overheidsinkoop #RasenbergInfra,inkoop,Rasenberg Infra B.V.,,116
Met 'budgetbeheer' werd in 2022 €2.636.275 verstrekt aan ST Stadsring 51. #Gemeenten #Amersfoort,gemeente,ST Stadsring 51,2022,96
In 2022 kwam €2.828.623 terecht bij Stichting Patiënt en Kwaliteit dankzij 'Derde aanvraag 2022 kwaliteitsgelden SPK'. #Subsidies #ZonMW,publiek,Stichting Patiënt en Kwaliteit,2022,136
De inkoopcontracten van ZuidPlus bij het Rijk vallen boven €100 miljoen. #Overheidsinkoop #Zuidplus,inkoop,ZuidPlus,,99
"De post 'salaris, vakantie en eindejaarsuitkering' bij Binnenlandse zaken en Koninkrijksrelaties bedroeg in 2022 €177.774.000. #Overheidsuitgaven #BZK",apparaat,"Salaris, vakantie en eindejaarsuitkering",2022,150
In 2024 ontving Gemeente Dordrecht €294.218.000 via 'Algemene uitkering'. #Subsidies #Dordrecht,instrumenten,Gemeente Dordrecht,2024,95
In 2022 ontving Gemeente Alphen aan den Rijn €190.899.000 via 'Algemene uitkering'. #Subsidies,instrumenten,Gemeente Alphen aan den Rijn,2022,94
Met behulp van 'BIJDRAGE AAN TNO' ontving TNO KWALITEIT VAN LEVEN in 2022 €216.876.000. #Subsidies,instrumenten,TNO KWALITEIT VAN LEVEN,2022,98
De inkoopcontracten van Infraspeed B.V. bij het Rijk vallen boven €150 miljoen. #Overheidsinkoop #Infraspeed,inkoop,Infraspeed B.V.,,108
€203.504.000 werd in 2023 toegekend aan Stichting BOOR onder 'Bekostiging Primair Onderwijs'. #Subsidies #Boor,instrumenten,Stichting BOOR,2023,110
In 2023 kwam €500.000 terecht bij Inno-Assembly B.V. dankzij 'Eurostars'. #Subsidies #RVO #Innoassembly,publiek,Inno-Assembly B.V.,2023,103
Met 'Natural flocculants' werd in 2022 €4.380.705 verstrekt aan Wageningen University & Research. #Subsidies #NWO,publiek,Wageningen University & Research,2022,113
Het COA koopt bij De Strip BV in de prijsklasse boven €1 miljoen voor 'Contract beveiliging'. #COA #Asielopvang #DeStrip,coa,De Strip BV,,120
€1.084.603 werd in 2023 toegekend aan St. Chr. Hogeschool Windesheim onder 'Bewegen en ontmoeten in de Pierik'. #Subsidies #ZonMW,publiek,St. Chr. Hogeschool Windesheim,2023,129
Met 'Subsidie Circular Plastics NL' werd in 2024 €7.469.609 verstrekt aan Morssinkhof Plastics Lichtenvoorde B.V.. #Subsidies #RVO,publiek,Morssinkhof Plastics Lichtenvoorde B.V.,2024,130
Dankzij 'Onderwijsdeel hbo' kreeg Stichting Fontys in 2023 €381.798.000. #Subsidies #Fontys,instrumenten,Stichting Fontys,2023,91
€2.434.132 werd in 2022 toegekend aan Indigo B.V. onder 'Openbare gezondheidszorg'. #Gemeenten #DenHaag #Indigo,gemeente,Indigo B.V.,2022,111
Met 'Betaalbaar wonen - Nijmeegseweg Arnhem' werd in 2022 €9.071.568 verstrekt aan Gemeente Arnhem. #Provincies #Gelderland #Arnhem,provincie,Gemeente Arnhem,2022,131
Dankzij 'Beleef het Apeldoorns kanaal - Dierense Sluis' kreeg Waterschap Vallei en Veluwe in 2022 €11.960.857. #Provincies #Gelderland,provincie,Waterschap Vallei en Veluwe,2022,134
In 2024 gaf Buitenlandse Zaken €28.808.000 uit aan reis- en verblijfkosten. #Overheidsuitgaven #BuZa,apparaat,Reis- en Verblijfkosten,2024,100
In 2023 gaf Ministerie van Sociale Zaken en Werkgelegenheid €42.089.000 uit aan pensioenpremies. #Overheidsuitgaven #SZW,apparaat,Pensioenpremies,2023,120
Via ZonMW ontving United World College Maastricht in 2022 €583.300 voor '#CHANGEMAKERS'. #Subsidies #ZonMW,publiek,United World College Maastricht,2022,106
"Ministerie van Justitie levert aan het COA met contracten boven €1 miljoen, regeling: ICT Infrastructuur. #COA #Asielopvang #VanJustitie",coa,Ministerie van Justitie,,136
€261.888.000 werd in 2022 toegekend aan Gemeente Dordrecht onder 'Algemene uitkering'. #Subsidies #Dordrecht,instrumenten,Gemeente Dordrecht,2022,108
Dankzij 'Subsidieregeling praktijkleren' kreeg Rijksdienst voor Ondernemend Nederland in 2024 €274.084.000. #Subsidies,instrumenten,Rijksdienst voor Ondernemend Nederland,2024,118
Aan inbesteding besteedde Algemene Zaken in 2024 €34.971.000. #Overheidsuitgaven #AZ,apparaat,Inbesteding,2024,84
In 2022 ontving Gemeente Leiden team BMO €613.966 via 'MDT UniverCity voor changemakers'. #Subsidies #ZonMW,publiek,Gemeente Leiden team BMO,2022,107
In 2023 ontving University Medical Center Utrecht €500.000 van RVO via 'Eurostars'. #Subsidies #RVO,publiek,University Medical Center Utrecht,2023,99
Met behulp van 'Beeldende kunst' ontving Groninger Museum in 2022 €3.994.397. #Gemeenten #Groningen #GroningerMuseum,gemeente,Groninger Museum,2022,116
In 2022 was de kostenpost 'studie en opleiding' bij Financiën: €34.409.000. #Overheidsuitgaven #Financien,apparaat,Studie en opleiding,2022,105
In 2024 kwam €2.345.477 terecht bij Stichting Jeugdwerk 's-Gravenhage-Oost dankzij '610.T Leefbaarheid en bewonersparticipatie'. #Gemeenten #DenHaag #Jeugdwerksgravenhageoost,gemeente,Stichting Jeugdwerk 's-Gravenhage-Oost,2024,174
"Volksgezondheid, Welzijn en Sport besteedde in 2022 €222.396.000 aan de post 'salarissen'. #Overheidsuitgaven #VWS",apparaat,Salarissen,2022,114
De provincie Gelderland keerde in 2023 €2.713.001 uit aan Gemeente Tiel voor 'Gelders Winterfonds - Winterfonds gemeente Tiel'. #Provincies #Gelderland #Tiel,provincie,Gemeente Tiel,2023,157
De inkoopcontracten van Eneco Zakelijk bij het Rijk vallen boven €25 miljoen. #Overheidsinkoop #EnecoZakelijk,inkoop,Eneco Zakelijk,,109
€3.471.694 werd in 2023 toegekend aan VMCA Stichting onder 'aanvullende aanvraag Burennetwerk 23000275 SA'. #Gemeenten #Almere #VmcaStichting,gemeente,VMCA Stichting,2023,141
Algemene Zaken besteedde in 2024 €30.487.000 aan de post 'loonkosten eigen personeel'. #Overheidsuitgaven #AZ #Personeel,apparaat,Loonkosten eigen personeel,2024,120
In 2023 was de kostenpost 'representatie voor eigen personeel' bij Defensie: €101.106.000. #Overheidsuitgaven #Defensie #Personeel,apparaat,Representatie voor eigen personeel,2023,130
In 2024 ontving Stichting PerspeKtief €5.539.944 via '681.J Beschermd wonen (WMO) en GGZ'. #Gemeenten #DenHaag #Perspektief,gemeente,Stichting PerspeKtief,2024,123
"Aan pensioenpremies besteedde Onderwijs, Cultuur en Wetenschap in 2023 €29.928.000. #Overheidsuitgaven #OCW",apparaat,Pensioenpremies,2023,107
Met 'Integrale kosten subs. 2022 Zeeuws Museum' werd in 2022 €2.548.734 verstrekt aan Zeeuws Museum. #Provincies #Zeeland #ZeeuwsMuseum,provincie,Zeeuws Museum,2022,135
Unica Installatietechniek B.V. heeft inkoopcontracten boven €25 miljoen bij de Rijksoverheid voor 'gebruik en onderhoud gebouw en terreinen'. #Overheidsinkoop #UnicaInstallatietechniek,inkoop,Unica Installatietechniek B.V.,,184
In 2022 ontving Stichting Frans Hals Museum €3.422.545 via '2024 Culturele Basisinfrastructuur'. #Gemeenten #Haarlem,gemeente,Stichting Frans Hals Museum,2022,116
Saltro B.V. heeft inkoopcontracten boven €50 miljoen bij de Rijksoverheid voor 'uitbesteden overig'. #Overheidsinkoop #Saltro,inkoop,Saltro B.V.,,125
Aan onkostenvergoedingen waaronder woon-werkverkeer besteedde Defensie in 2023 €123.249.000. #Overheidsuitgaven #Defensie,apparaat,Onkostenvergoedingen waaronder Woon-werkverkeer,2023,121
In 2022 ontving Stichting PerspeKtief €5.101.757 van de gemeente Den Haag via 'Huiselijk geweld'. #Gemeenten #DenHaag #Perspektief,gemeente,Stichting PerspeKtief,2022,130
In 2024 kwam €165.083.000 terecht bij Stichting Regionaal Opleidingencentrum van Twente dankzij 'Bekostiging MBO-instellingen'. #Subsidies,instrumenten,Stichting Regionaal Opleidingencentrum van Twente,2024,138
Dankzij 'CJIB' kreeg Centraal Justitieel Incassobureau in 2022 €166.967.000. #Subsidies,instrumenten,Centraal Justitieel Incassobureau,2022,87
Dankzij 'Onderwijsdeel wo' kreeg Technische Universiteit Delft in 2023 €615.414.000. #Subsidies,instrumenten,Technische Universiteit Delft,2023,95
Dankzij 'Dorpendeal - Dorpendeal Emst' kreeg Gemeente Epe in 2024 €4.400.704. #Provincies #Gelderland #Epe,provincie,Gemeente Epe,2024,106
HeadFirst BV is leverancier van het COA met contracten boven €5 miljoen. #COA #Asielopvang #Headfirst,coa,HeadFirst BV,,101
De post 'uitzendkrachten' bij Financiën bedroeg in 2023 €154.758.000. #Overheidsuitgaven #Financien,apparaat,Uitzendkrachten,2023,99
Onder 'Onderwijsdeel hbo' kreeg Stichting Hogeschool Utrecht in 2022 een Bekostiging van €296.166.000. #Subsidies #HogeschoolUtrecht,instrumenten,Stichting Hogeschool Utrecht,2022,132
"Aan pensioenpremies besteedde Onderwijs, Cultuur en Wetenschap in 2024 €32.948.000. #Overheidsuitgaven #OCW",apparaat,Pensioenpremies,2024,107
Met 'Algemene uitkering' werd in 2022 €177.577.000 verstrekt aan Provincie Drenthe. #Subsidies #Drenthe,instrumenten,Provincie Drenthe,2022,103
In 2023 ontving Veiligheidsregio N-Holland Noord €400.000 via 'Vervolgfase ôAanpak mensen met onbegrepen gedragô'. #Subsidies #ZonMW,publiek,Veiligheidsregio N-Holland Noord,2023,132
In 2024 ontving Stichting BOOR €216.665.000 via 'Bekostiging Primair Onderwijs'. #Subsidies #Boor,instrumenten,Stichting BOOR,2024,97
Vanuit de gemeente Haarlem ging in 2023 €3.737.961 naar Jeugdgezondheidszorg Kennemerland voor '2023 Kansrijke start'. #Gemeenten #Haarlem,gemeente,Jeugdgezondheidszorg Kennemerland,2023,138
In 2024 ontving Gemeente Leiden €290.451.000 via 'Algemene uitkering'. #Subsidies #Leiden,instrumenten,Gemeente Leiden,2024,89
In 2022 was de kostenpost 'bijdragen aan baten-lastendiensten' bij Algemene Zaken: €30.660.000. #Overheidsuitgaven #AZ,apparaat,Bijdragen aan baten-lastendiensten,2022,118
In 2023 ontving Stichting Combiwel Buurtwerk €12.296.137 via 'Aanvullende aanvraag extra inzet Digicoaches'. #Gemeenten #Amsterdam #CombiwelBuurtwerk,gemeente,Stichting Combiwel Buurtwerk,2023,149
Dankzij '530.B Cultuur' kreeg Stichting CultuurSchakel in 2024 €4.049.593. #Gemeenten #DenHaag #Cultuurschakel,gemeente,Stichting CultuurSchakel,2024,110
De inkoopcontracten van Pompstation Vechtbrug B.V. bij het Rijk vallen boven €25 miljoen. #Overheidsinkoop #PompstationVechtbrug,inkoop,Pompstation Vechtbrug B.V.,,128
In 2023 ontving REDstack B.V. €2.558.750 via 'Cofinanciering Waddenfonds - Blue Energy'. #Provincies #Friesland #Redstack,provincie,REDstack B.V.,2023,121
€1.151.463 werd in 2023 toegekend aan Open Universiteit Nederland onder 'What´s BOThering you?'. #Subsidies #ZonMW,publiek,Open Universiteit Nederland,2023,114
In 2022 kwam €12.108.351 terecht bij Stichting Nationale Opera & Ballet dankzij 'Activiteiten Nationale Opera & Ballet 2022'. #Gemeenten #Amsterdam,gemeente,Stichting Nationale Opera & Ballet,2022,147
De contracten van Directoraat-Generaal Vreemdeli bij het COA vallen boven €10 miljoen. Regeling: Subsidierel ketenpar. #COA #Asielopvang,coa,Directoraat-Generaal Vreemdeli,,136
Vanuit RVO ging in 2023 €500.000 naar Hybridize Pharma BV voor 'Eurostars'. #Subsidies #RVO #HybridizePharma,publiek,Hybridize Pharma BV,2023,108
Gemeente Den Haag is leverancier van het COA met contracten boven €10 miljoen. #COA #Asielopvang #DenHaag,coa,Gemeente Den Haag,,105
In 2023 kwam €10.196.894 terecht bij Staatsbosbeheer dankzij 'Actieplan Vogelpoel'. #Provincies #Overijssel #Staatsbosbeheer,provincie,Staatsbosbeheer,2023,124
In 2023 ontving Stichting Bibliotheek Zuid Kennemerland €6.031.367 van de gemeente Haarlem via '2024 Culturele Basisinfrastructuur'. #Gemeenten #Haarlem,gemeente,Stichting Bibliotheek Zuid Kennemerland,2023,152
Financiën gaf in 2022 €20.173.000 uit aan risicobeheersen. #Overheidsuitgaven #Financien,apparaat,Risicobeheersen,2022,88
Bij het COA heeft CBRE GWS IFM B.V. contracten boven €1 miljoen voor de regeling 'Eigenaardeel planmatig onderhoud'. #COA #Asielopvang,coa,CBRE GWS IFM B.V.,,134
Harbour Hotels B.V. is leverancier van het COA met contracten boven €1 miljoen. #COA #Asielopvang #HarbourHotels,coa,Harbour Hotels B.V.,,112
Infrastructuur en Waterstaat gaf in 2023 €43.528.000 uit aan gebruik en onderhoud van gebouw en terreinen. #Overheidsuitgaven #IenW,apparaat,Gebruik en onderhoud van gebouw en terreinen,2023,131
De inkoopcontracten van Stg. Forensisch Ps. Centrum Dr. S. van Mesdag bij het Rijk vallen boven €50 miljoen. #Overheidsinkoop,inkoop,Stg. Forensisch Ps. Centrum Dr. S. van Mesdag,,125
De contracten van De Beveiligers B.V. bij het COA vallen boven €1 miljoen. Regeling: Contract beveiliging. #COA #Asielopvang #DeBeveiligers,coa,De Beveiligers B.V.,,139
SLTN IT Products B.V. levert aan de Rijksoverheid met contracten boven €25 miljoen (aanschaf hardware). #Overheidsinkoop,inkoop,SLTN IT Products B.V.,,120
Bij het COA heeft Twynstra Gudde Holding B.V. contracten boven €1 miljoen voor de regeling 'Man.advies&interim'. #COA #Asielopvang,coa,Twynstra Gudde Holding B.V.,,130
In 2023 kwam €2.461.553 terecht bij Gemeente Hengelo dankzij 'Realisatie Flexwoningen'. #Provincies #Overijssel #Hengelo,provincie,Gemeente Hengelo,2023,120
Met behulp van 'Attentie Flevoflats (oost)' ontving B&A WMO Diensten B.V. in 2023 €19.187.874. #Gemeenten #Amsterdam,gemeente,B&A WMO Diensten B.V.,2023,116
De contracten van Koopmans Bouwservice B.V. bij het COA vallen boven €1 miljoen. Regeling: Eigenaardeel planmatig onderhoud. #COA #Asielopvang #KoopmansBouwservice,coa,Koopmans Bouwservice B.V.,,163
In 2022 kwam €749.725 terecht bij Libreon dankzij 'MDT-Baronie'. #Subsidies #ZonMW #Libreon,publiek,Libreon,2022,91
Met 'Algemene uitkering' werd in 2024 €199.649.000 verstrekt aan Gemeente Westland. #Subsidies #Westland,instrumenten,Gemeente Westland,2024,104
"Aan inhuur autom. advies besteedde Ministerie van Volksgezondheid, Welzijn en Sport in 2024 €57.004.000. #Overheidsuitgaven #VWS",apparaat,INHUUR AUTOM. ADVIES,2024,128
Het COA koopt bij King Nederland B.V. in de prijsklasse boven €1 miljoen voor 'Prijsverschillen automatisch (geboekt)'. #COA #Asielopvang #KingNederland,coa,King Nederland B.V.,,152
Met 'Gezond leven met hersenletsel in Limburg' werd in 2024 €396.986 verstrekt aan Stichting Adelante Zorg. #Subsidies #ZonMW #AdelanteZorg,publiek,Stichting Adelante Zorg,2024,139
Het COA koopt bij Geveke Bouw in de prijsklasse boven €5 miljoen voor 'Bouwkundig onderhd'. #COA #Asielopvang #GevekeBouw,coa,Geveke Bouw,,121
Onder 'Uitkeringslasten Wajong' kreeg Uitvoeringsinstituut werknemersverzekeringen in 2023 een Inkomensoverdrachten van €4.064.100.000. #Subsidies,instrumenten,Uitvoeringsinstituut werknemersverzekeringen,2023,146
Bij het COA heeft Erve Onroerend Goed Schelluine contracten boven €1 miljoen voor de regeling 'Contracthuren kantoren'. #COA #Asielopvang,coa,Erve Onroerend Goed Schelluine,,137
Gemeente Ede is leverancier van het COA met contracten boven €1 miljoen. #COA #Asielopvang #Ede,coa,Gemeente Ede,,95
In 2023 ontving Stichting WIJKZ €34.082.538 via 'Participatie'. #Gemeenten #DenHaag #Wijkz,gemeente,Stichting WIJKZ,2023,90
Bij het COA heeft Havenbedrijf Amsterdam N.V. contracten boven €1 miljoen voor de regeling 'Contract-OH. Overig'. #COA #Asielopvang #HavenbedrijfAmsterdam,coa,Havenbedrijf Amsterdam N.V.,,154
In 2023 werd Stichting Carmelcollege ondersteund met €334.405.000 vanuit 'Bekostiging voortgezet onderwijs lumpsum'. #Subsidies #Carmelcollege,instrumenten,Stichting Carmelcollege,2023,142
In 2023 ontving Universiteit Utrecht €2.899.975 van de provincie Gelderland via 'Stikstofmeetnet - Depositie meten en modelleren'. #Provincies #Gelderland #UniversiteitUtrecht,provincie,Universiteit Utrecht,2023,175
In 2022 werd Metropoolregio Rotterdam Den Haag (MRDH) ondersteund met €562.060.000 vanuit 'Wet Brede Doeluitkering Verkeer en Vervoer'. #Subsidies,instrumenten,Metropoolregio Rotterdam Den Haag (MRDH),2022,146
In 2023 ontving Gemeente Almere €443.059.000 via 'Algemene uitkering en aanvullende uitkeringen'. #Subsidies #Almere,instrumenten,Gemeente Almere,2023,116
In 2022 was de kostenpost 'ontvangsten personeel materieel' bij Financiën: €58.698.000. #Overheidsuitgaven #Financien #Personeel,apparaat,Ontvangsten Personeel Materieel,2022,128
"Onderwijs, Cultuur en Wetenschap besteedde in 2024 €23.627.000 aan de post 'bijdrage sso'. #Overheidsuitgaven #OCW",apparaat,Bijdrage SSO,2024,114
In 2022 kwam €7.618.578 terecht bij Kwintes dankzij 'doorstroomwoning'. #Gemeenten #Amersfoort #Kwintes,gemeente,Kwintes,2022,103
Dankzij 'Algemene uitkering' kreeg Gemeente Utrecht in 2024 €851.132.000. #Subsidies #Utrecht,instrumenten,Gemeente Utrecht,2024,93
Aan ontvangsten personeel materieel besteedde Financiën in 2024 €69.166.000. #Overheidsuitgaven #Financien #Personeel,apparaat,Ontvangsten Personeel Materieel,2024,117
€2.170.850 werd in 2022 toegekend aan Stichting Rijnbrink Deventer onder '2024 Samenspel Cultuuronderwijs In Overijssel'. #Provincies #Overijssel #RijnbrinkDeventer,provincie,Stichting Rijnbrink Deventer,2022,164
€4.385.302 werd in 2022 toegekend aan Gemeente Enschede onder 'Cromhoff Versnellen Woningbouw'. #Provincies #Overijssel #Enschede,provincie,Gemeente Enschede,2022,129
In 2022 ontving Stichting Zienn €2.457.468 van de gemeente Groningen via 'Opvang- 24 uurs verblijf en begeleiding'. #Gemeenten #Groningen #Zienn,gemeente,Stichting Zienn,2022,144
€9.650.000.000 werd in 2023 toegekend aan Zorginstituut Nederland onder 'Bijdr Wlz'. #Subsidies #ZorginstituutNederland,instrumenten,Zorginstituut Nederland,2023,119
Financiën besteedde in 2023 €32.759.000 aan de post 'inrichting gebouwen'. #Overheidsuitgaven #Financien,apparaat,Inrichting gebouwen,2023,104
€435.610 werd in 2022 toegekend aan Stichting Saga Interproject onder 'Rebalancing Society'. #Subsidies #ZonMW #SagaInterproject,publiek,Stichting Saga Interproject,2022,128
"Vanuit de gemeente Almere ging in 2022 €5.580.173 naar Vitree Stichting voor 'Tegemoetkoming Compensatie Markttoeslag 1,13%'. #Gemeenten #Almere #VitreeStichting",gemeente,Vitree Stichting,2022,161
Spie Nederland B.V. is leverancier van het COA met contracten boven €1 miljoen. #COA #Asielopvang #SpieNederland,coa,Spie Nederland B.V.,,112
Bij het COA heeft RMA Healthcare contracten boven €50 miljoen voor de regeling 'Medische dienstverl.'. #COA #Asielopvang #RmaHealthcare,coa,RMA Healthcare,,135
De inkoopcontracten van Pi2 B.V. bij het Rijk vallen boven €25 miljoen. #Overheidsinkoop #Pi2,inkoop,Pi2 B.V.,,93
€218.759.000 werd in 2024 toegekend aan Gemeente Alphen aan den Rijn onder 'Algemene uitkering'. #Subsidies,instrumenten,Gemeente Alphen aan den Rijn,2024,107
Infrastructuur en Waterstaat besteedde in 2023 €20.259.000 aan de post 'advisering en eventueel explorerend onderzoek'. #Overheidsuitgaven #IenW,apparaat,Advisering en eventueel explorerend onderzoek,2023,144
In 2023 werd Universiteit Twente ondersteund met €307.578.000 vanuit 'Onderwijsdeel wo'. #Subsidies #UniversiteitTwente,instrumenten,Universiteit Twente,2023,119
Gemeente Haarlemmermeer is leverancier van het COA met contracten boven €1 miljoen. #COA #Asielopvang #Haarlemmermeer,coa,Gemeente Haarlemmermeer,,117
GGzE heeft inkoopcontracten boven €50 miljoen bij de Rijksoverheid voor 'v&j specifiek'. #Overheidsinkoop #Ggze,inkoop,GGzE,,111
"Centralpoint Nijmegen BV levert aan het COA met contracten boven €1 miljoen, regeling: Hardware. #COA #Asielopvang #CentralpointNijmegen",coa,Centralpoint Nijmegen BV,,136
Dankzij 'NODOK en NODOV' kreeg Universiteit Maastricht Finance/Debiteuren in 2022 €390.500. #Subsidies #ZonMW,publiek,Universiteit Maastricht Finance/Debiteuren,2022,109
In 2024 ontving Stichting Nederlands Dans Theater €3.156.320 van de gemeente Den Haag via '530.B Cultuur'. #Gemeenten #DenHaag,gemeente,Stichting Nederlands Dans Theater,2024,126
De inkoopcontracten van Mediphos Medical Supplies B.V. bij het Rijk vallen boven €25 miljoen. #Overheidsinkoop,inkoop,Mediphos Medical Supplies B.V.,,110
Fa. Gebr. Van der Lee heeft inkoopcontracten boven €100 miljoen bij de Rijksoverheid voor 'i&m specifiek'. #Overheidsinkoop,inkoop,Fa. Gebr. Van der Lee,,123
"De post 'toelagen, toeslagen en vergoedingen' bij Financiën bedroeg in 2024 €140.092.000. #Overheidsuitgaven #Financien",apparaat,"Toelagen, toeslagen en vergoedingen",2024,119
Met 'Onderwijsdeel wo' werd in 2022 €636.922.000 verstrekt aan Rijksuniversiteit Groningen. #Subsidies,instrumenten,Rijksuniversiteit Groningen,2022,102
Pels Rijcken & Droogleever For is leverancier van het COA met contracten boven €1 miljoen. #COA #Asielopvang,coa,Pels Rijcken & Droogleever For,,108
€646.358.000 werd in 2024 toegekend aan Nederlandse organisatie voor onder 'NWO'. #Subsidies,instrumenten,Nederlandse organisatie voor,2024,92
In 2023 was de kostenpost 'uitkeringen' bij Defensie: €707.620.000. #Overheidsuitgaven #Defensie,apparaat,Uitkeringen,2023,96
Met 'RSV' werd in 2023 €2.459.273 verstrekt aan MEE Samen Stichting. #Gemeenten #Almere,gemeente,MEE Samen Stichting,2023,87
Met behulp van 'Natuur- En Landschapsbeheer' ontving Unie Van Bosgroepen in 2022 €2.668.175. #Provincies #Overijssel,provincie,Unie Van Bosgroepen,2022,116
In 2022 ontving Gemeente Hof Van Twente €2.801.977 van de provincie Overijssel via 'Tsb / Op Stoom'. #Provincies #Overijssel,provincie,Gemeente Hof Van Twente,2022,124
BAM Bouw en Techniek B.V. is leverancier van het COA met contracten boven €1 miljoen. #COA #Asielopvang,coa,BAM Bouw en Techniek B.V.,,103
ZonMW keerde in 2022 €682.710 uit aan Stichting Travers Welzijn voor 'Impacter x Windesheim'. #Subsidies #ZonMW #TraversWelzijn,publiek,Stichting Travers Welzijn,2022,127
Bij het COA heeft FlexValue contracten boven €1 miljoen voor de regeling 'Externen (geen uitzendkrachten)'. #COA #Asielopvang #Flexvalue,coa,FlexValue,,136
Het COA koopt bij InterSettle B.V. in de prijsklasse boven €1 miljoen voor 'Huisvesting Huur'. #COA #Asielopvang #Intersettle,coa,InterSettle B.V.,,125
Met behulp van 'Eurostars' ontving HeartEye B.V in 2023 €490.025. #Subsidies #RVO #Hearteye,publiek,HeartEye B.V,2023,91
De contracten van Gemeente Meierijstad bij het COA vallen boven €5 miljoen. Regeling: Vergoeding gemeenten LOCC. #COA #Asielopvang #Meierijstad,coa,Gemeente Meierijstad,,143
ZonMW keerde in 2023 €399.398 uit aan Veiligheidsregio Twente voor 'Versterkingsagenda Zorg en Veiligheid Twente'. #Subsidies #ZonMW #VeiligheidsregioTwente,publiek,Veiligheidsregio Twente,2023,156
In 2023 ontving Stichting JESS €7.198.796 via 'Samenkracht en burgerparticipatie'. #Gemeenten #DenHaag #Jess,gemeente,Stichting JESS,2023,108
Bij het COA heeft SPIE Building Solutions B.V. contracten boven €1 miljoen voor de regeling 'Eigenaardeel planmatig onderhoud'. #COA #Asielopvang,coa,SPIE Building Solutions B.V.,,145
CWS Workwear Nederland B.V. is leverancier van het COA met contracten boven €1 miljoen. #COA #Asielopvang,coa,CWS Workwear Nederland B.V.,,105
Dankzij 'Maatschappelijke Opvang Kwetsbare Burgers 2022' kreeg Stichting Arkin in 2022 €8.124.221. #Gemeenten #Amsterdam #Arkin,gemeente,Stichting Arkin,2022,127
Met 'Algemene uitkering en aanvullende uitkeringen' werd in 2023 €270.704.000 verstrekt aan Gemeente Maastricht. #Subsidies #Maastricht,instrumenten,Gemeente Maastricht,2023,135
In 2024 ontving Coöperatieve Unie Van Bosgroepen U.A. €4.454.427 via 'Snl Natuur- En Landschapsbeheer'. #Provincies #Overijssel,provincie,Coöperatieve Unie Van Bosgroepen U.A.,2024,127
In 2022 ontving Stichting BOOR €184.705.000 via 'Bekostiging Primair Onderwijs'. #Subsidies #Boor,instrumenten,Stichting BOOR,2022,97
De gemeente Amsterdam keerde in 2023 €2.742.018 uit aan Stichting Ymere voor 'Gentiaanbuurt blok 8 aardgasvrij'. #Gemeenten #Amsterdam #Ymere,gemeente,Stichting Ymere,2023,141
PGL Finance B.V. heeft inkoopcontracten boven €50 miljoen bij de Rijksoverheid voor 'uitbesteden overig'. #Overheidsinkoop #PglFinance,inkoop,PGL Finance B.V.,,134
Daiwa House Modular Europe Jan Snel B.V. levert aan de Rijksoverheid met contracten boven €50 miljoen (uitbesteden overig). #Overheidsinkoop,inkoop,Daiwa House Modular Europe Jan Snel B.V.,,140
De provincie Overijssel keerde in 2023 €2.023.889 uit aan Gemeente Zwolle voor 'Afkoppelen Verhard Oppervlak In Zwolle'. #Provincies #Overijssel #Zwolle,provincie,Gemeente Zwolle,2023,152
Dankzij 'Integrale kosten subs. 2024 Zeeuws Museum' kreeg Zeeuws Museum in 2024 €2.753.634. #Provincies #Zeeland #ZeeuwsMuseum,provincie,Zeeuws Museum,2024,126
De inkoopcontracten van Heijmans Infrastructuur B.V. bij het Rijk vallen boven €25 miljoen. #Overheidsinkoop #HeijmansInfrastructuur,inkoop,Heijmans Infrastructuur B.V.,,132
De post 'benodigdheden en hulpmiddelen overig' bij Defensie bedroeg in 2024 €40.865.000. #Overheidsuitgaven #Defensie,apparaat,Benodigdheden en hulpmiddelen overig,2024,117
ZonMW keerde in 2024 €411.959 uit aan Stichting Laurens voor 'BAMM: Beter Af Met Minder'. #Subsidies #ZonMW #Laurens,publiek,Stichting Laurens,2024,116
In 2023 ontving Stichting Nederlands Dans Theater €2.946.430 via 'Cultuur'. #Gemeenten #DenHaag,gemeente,Stichting Nederlands Dans Theater,2023,95
In 2022 ontving ASG Almeerse Scholengroep €2.913.463 van de gemeente Almere via 'Noodplan lerarentekort Almere'. #Gemeenten #Almere,gemeente,ASG Almeerse Scholengroep,2022,131
In 2022 kwam €7.883.252 terecht bij Gemeente Doetinchem dankzij 'Gelders Winterfonds - Winterfonds Doetinchem'. #Provincies #Gelderland #Doetinchem,provincie,Gemeente Doetinchem,2022,147
In 2023 ontving Wender €11.988.573 via 'Maatschappelijke Opvang jeugd'. #Gemeenten #Groningen #Wender,gemeente,Wender,2023,101
In 2022 ontving Stichting Welzijn Scheveningen €3.764.942 via 'Leefbaarheid en bewonersparticipatie'. #Gemeenten #DenHaag #WelzijnScheveningen,gemeente,Stichting Welzijn Scheveningen,2022,142
Justitie en Veiligheid gaf in 2024 €26.605.000 uit aan studie en opleiding. #Overheidsuitgaven #JenV,apparaat,Studie en opleiding,2024,100
Met behulp van 'Albeda Next x MDT' ontving Stichting Albeda in 2023 €508.152. #Subsidies #ZonMW #Albeda,publiek,Stichting Albeda,2023,103
Vanuit RVO ging in 2022 €491.850 naar Photosynthetic voor 'Eurostars'. #Subsidies #RVO #Photosynthetic,publiek,Photosynthetic,2022,102
In 2024 gaf Financiën €23.586.000 uit aan uitbesteden beleidsadvies- en onderzoeksopdrachten. #Overheidsuitgaven #Financien,apparaat,Uitbesteden beleidsadvies- en onderzoeksopdrachten,2024,123
In 2024 ontving Gemeente Apeldoorn €373.639.000 via 'Algemene uitkering'. #Subsidies #Apeldoorn,instrumenten,Gemeente Apeldoorn,2024,95
In 2024 ontving Stichting Delta Climate Center €3.474.673 van de provincie Zeeland via 'Subs. activiteiten Delta Climate Center 2024-2025'. #Provincies #Zeeland,provincie,Stichting Delta Climate Center,2024,160
In 2022 was de kostenpost 'bijdragen aan baten-lastendiensten' bij Economische Zaken en Klimaat: €24.500.000. #Overheidsuitgaven #EZK,apparaat,Bijdragen aan baten-lastendiensten,2022,133
"Insight Enterprises Netherlands B.V. levert aan de Rijksoverheid met contracten boven €25 miljoen (aanschaf, beheer en onderhoud infrastructuur). #Overheidsinkoop",inkoop,Insight Enterprises Netherlands B.V.,,162
Dankzij '3rd ECTORS meeting' kreeg Erasmus MC in 2022 €1.400.960. #Subsidies #NWO #ErasmusMc,publiek,Erasmus MC,2022,92
RVO keerde in 2023 €379.665 uit aan Omnigen B.V. voor 'Eurostars'. #Subsidies #RVO #Omnigen,publiek,Omnigen B.V.,2023,91
Financiën besteedde in 2022 €617.288.000 aan de post 'sociale lasten enbijdrage zorgverzekeringswet'. #Overheidsuitgaven #Financien,apparaat,Sociale lasten enbijdrage zorgverzekeringswet,2022,131
In 2024 kwam €246.994.000 terecht bij Gemeente Alkmaar dankzij 'Algemene uitkering'. #Subsidies #Alkmaar,instrumenten,Gemeente Alkmaar,2024,104
In 2024 gaf Financiën €24.179.000 uit aan verblijf extern. #Overheidsuitgaven #Financien,apparaat,Verblijf extern,2024,88
€451.000 werd in 2022 toegekend aan PamGene International B.V. onder 'Eurostars'. #Subsidies #RVO #PamgeneInternational,publiek,PamGene International B.V.,2022,119
De contracten van Slaapschepen Public B.V. bij het COA vallen boven €1 miljoen. Regeling: Contracthuren AZC. #COA #Asielopvang #SlaapschepenPublic,coa,Slaapschepen Public B.V.,,146
Uniper Benelux N.V. heeft inkoopcontracten boven €25 miljoen bij de Rijksoverheid voor 'verbruik van energie en water'. #Overheidsinkoop #UniperBenelux,inkoop,Uniper Benelux N.V.,,151
De inkoopcontracten van Protinus IT B.V. bij het Rijk vallen boven €25 miljoen. #Overheidsinkoop #ProtinusIt,inkoop,Protinus IT B.V.,,108
De contracten van Gemeente Hulst bij het COA vallen boven €1 miljoen. Regeling: Vergoeding gemeenten LOCC. #COA #Asielopvang #Hulst,coa,Gemeente Hulst,,131
In 2024 gaf Financiën €185.533.000 uit aan uitzendkrachten. #Overheidsuitgaven #Financien,apparaat,Uitzendkrachten,2024,89
"Gom Schoonhouden BV levert aan het COA met contracten boven €5 miljoen, regeling: Schoonmaakkosten. #COA #Asielopvang #GomSchoonhouden",coa,Gom Schoonhouden BV,,134
De contracten van Veiligheidsregio ZHZ bij het COA vallen boven €1 miljoen. Regeling: Vergoeding gemeenten LOCC. #COA #Asielopvang #VeiligheidsregioZhz,coa,Veiligheidsregio ZHZ,,151
In 2023 kwam €3.913.120 terecht bij Unie Van Bosgroepen U.A. dankzij 'Natuur- En Landschapsbeheer'. #Provincies #Overijssel,provincie,Unie Van Bosgroepen U.A.,2023,123
In 2023 ontving Stichting VRIJDAG €4.306.150 van de gemeente Groningen via 'Beeldende kunst'. #Gemeenten #Groningen #Vrijdag,gemeente,Stichting VRIJDAG,2023,124
Vanuit de gemeente Den Haag ging in 2024 €8.926.042 naar Stichting Lucas Onderwijs voor '430.I Onderwijsbeleid'. #Gemeenten #DenHaag #LucasOnderwijs,gemeente,Stichting Lucas Onderwijs,2024,148
Met behulp van 'Aanpak Mensenhandel' ontving Leger des Heils Welzijns- en Gezondheidszorg in 2023 €2.784.695. #Gemeenten #Groningen,gemeente,Leger des Heils Welzijns- en Gezondheidszorg,2023,131
Via RVO ontving Locsense B.V. in 2023 €519.871 voor 'Eurostars'. #Subsidies #RVO #Locsense,publiek,Locsense B.V.,2023,90
Mediq Nederland B.V. heeft inkoopcontracten boven €25 miljoen bij de Rijksoverheid voor 'vws specifiek'. #Overheidsinkoop #MediqNederland,inkoop,Mediq Nederland B.V.,,137
Het COA koopt bij De Ridder in de prijsklasse boven €1 miljoen voor 'Sanitaire artikelen'. #COA #Asielopvang #DeRidder,coa,De Ridder,,118
RVO keerde in 2022 €110.804.896 uit aan Orsted Hydrogen Netherlands Holding B.V. voor 'IPCEI Waterstof'. #Subsidies #RVO,publiek,Orsted Hydrogen Netherlands Holding B.V.,2022,120
In 2024 ontving Stichting Opera Zuid €2.140.000 van de provincie Limburg via 'Algemene wet bestuursrecht sub c - Werkplan 2024'. #Provincies #Limburg #OperaZuid,provincie,Stichting Opera Zuid,2024,160
HEGEMAN Bouw & Infra B.V. levert aan de Rijksoverheid met contracten boven €25 miljoen (gebruik en onderhoud gebouw en terreinen). #Overheidsinkoop,inkoop,HEGEMAN Bouw & Infra B.V.,,147
Vanuit de gemeente Amersfoort ging in 2023 €4.037.658 naar De Flint Theater- en Congressen voor 'diverse activiteiten'. #Gemeenten #Amersfoort,gemeente,De Flint Theater- en Congressen,2023,142
Aan vergoedingen voor inbesteding personeel besteedde Justitie en Veiligheid in 2024 €36.971.000. #Overheidsuitgaven #JenV #Personeel,apparaat,Vergoedingen voor inbesteding personeel,2024,133
"De inkoopcontracten van De Jong Zuurmond Infrabeheer, Ond.&Serv. B.V. bij het Rijk vallen boven €50 miljoen. #Overheidsinkoop",inkoop,"De Jong Zuurmond Infrabeheer, Ond.&Serv. B.V.",,125
De contracten van Facilicom Solutions B.V. bij het COA vallen boven €1 miljoen. Regeling: Huisvesting. #COA #Asielopvang #FacilicomSolutions,coa,Facilicom Solutions B.V.,,140
€5.248.302 werd in 2024 toegekend aan Waterschap Vechtstromen onder 'Asv Aanvraag Haarvaten Op Peil'. #Provincies #Overijssel #WaterschapVechtstromen,provincie,Waterschap Vechtstromen,2024,149
In 2022 kwam €4.186.950 terecht bij Gemeente Kampen dankzij 'Sleutelproject Reevedelta'. #Provincies #Overijssel #Kampen,provincie,Gemeente Kampen,2022,120
Binnenlandse zaken en Koninkrijksrelaties besteedde in 2022 €20.876.000 aan de post 'sociale lasten en bijdrage zorgverzekeringswet'. #Overheidsuitgaven #BZK,apparaat,Sociale lasten en bijdrage zorgverzekeringswet,2022,157
"Slaapschepen B.V. levert aan het COA met contracten boven €1 miljoen, regeling: Contracthuren AZC. #COA #Asielopvang #Slaapschepen",coa,Slaapschepen B.V.,,130
Met behulp van 'Deelname aan het Sociaal Stedelijk Team' ontving Schoor Stichting De in 2023 €18.899.972. #Gemeenten #Almere,gemeente,Schoor Stichting De,2023,124
In 2022 kwam €8.543.339 terecht bij Stichting Het Kopland dankzij 'Maatschappelijke Opvang jeugd'. #Gemeenten #Groningen #HetKopland,gemeente,Stichting Het Kopland,2022,132
€282.760.000 werd in 2022 toegekend aan Gemeente Amsterdam onder 'Decentralisatie-uitkeringen'. #Subsidies #Amsterdam,instrumenten,Gemeente Amsterdam,2022,117
Met '2024 Culturele Basisinfrastructuur' werd in 2023 €7.035.437 verstrekt aan Stichting Stadsschouwburg en Philharmonie. #Gemeenten #Haarlem,gemeente,Stichting Stadsschouwburg en Philharmonie,2023,141
€2.532.796 werd in 2022 toegekend aan Leger des Heils Welzijns-en Gezondheidszorg onder 'DUUP regeling'. #Gemeenten #Groningen,gemeente,Leger des Heils Welzijns-en Gezondheidszorg,2022,126
Via ZonMW ontving Stichting Traversegroep in 2024 €766.988 voor 'Regionale Kenniswerkplaats Onbegrepen Gedrag'. #Subsidies #ZonMW #Traversegroep,publiek,Stichting Traversegroep,2024,144
